[
  {
    "results": [
      {
        "id": 3274,
        "title": "“속이 뒤틀리고 설사가 멈추지 않아요” | 30대 직장인 소화불량 설사",
        "content": "<h2 id=\"section-0\">반복되는 불편함, 그저 ‘예민한 장’ 탓일까요?</h2>\n\n<table>\n<tbody><tr><td colspan=\"1\" rowspan=\"1\">\n<p><span>“아침에 밥을 먹으면 점심때까지 속이 더부룩하고 가스 차서 업무 집중이 안 돼요.</span></p><p><span>회식 때 기름진 음식을 먹으면 바로 배가 아파서 화장실로 달려가야 합니다.</span></p><p><span>병원에 가도 특별한 이상은 없다고 하고, 그냥 스트레스성이라고 하는데… 정말 답답해요.”</span></p>\n</td></tr></tbody>\n</table>\n\n<p>이런 이야기를 들을 때마다 저는 환자분의 고통에 깊이 공감합니다.</p><p>`<strong>단순히 소화제가 필요한 문제가 아니라, 일상 전체가 흔들리는 불편함</strong>`이기 때문입니다.</p><p>많은 분들이 자신이 ‘장이 예민해서’ 그렇다고 자책하시지만, 저는 좀 더 `<u>본질적인 원리</u>`를 함께 탐색해 보자고 제안합니다.</p><p>`<strong>잦은 설사와 만성 소화불량은 단순히 장의 문제라기보다는, 우리 몸이 보내는 복합적인 신호</strong>`일 때가 많습니다.</p><h2 id=\"section-1\">스트레스, 생활 습관 그리고 장 건강의 복잡한 연결고리</h2><figure class=\"kg-card kg-image-card\"><img src=\"https://barun-static.s3.ap-northeast-2.amazonaws.com/blog/snowhitebambi/2025/11/04d2fb9e077972b400849353e1443755ec8af29752b917785f7bba998ebfffa3.png\" class=\"kg-image\" alt=\"\" loading=\"lazy\" style=\"width: 100%; height: auto; border-radius: 12px; margin: 2rem 0;\"></figure><p>우리 몸의 소화 과정은 단순히 위와 장의 기능만으로 이루어지지 않습니다.</p><p>뇌와 장은 마치 `<u>끈끈한 친구처럼 서로 긴밀하게 대화합니다</u>`.</p><p>이른바 `<u>‘장뇌축 (Gut-Brain Axis)’</u>`이라는 개념이죠.</p>\n\n<table>\n<tbody><tr><td colspan=\"1\" rowspan=\"1\">\n<p><span>스트레스, 불규칙한 생활, 잘못된 식습관이 반복적으로 나타나는 것을 관찰할 수 있습니다. 이러한 요인들은 장뇌축에 부정적인 영향을 미쳐 `</span><span><u>장의 운동성, 소화 효소 분비, 장내 미생물 균형</u></span><span>` 등을 교란시킵니다. 교란된 장 환경은 소화불량과 잦은 설사, 배 아픔 같은 증상으로 이어지며, 이는 결국 `</span><span><u>과민성 대장 증후군</u></span><span>`과 유사한 양상을 보일 수 있습니다. 따라서 증상 완화를 넘어 `</span><span><b>생활 습관 개선을 통한 근본적인 회복</b></span><span>`을 지향해야 합니다.</span></p>\n</td></tr></tbody>\n</table>\n\n<p>제가 만났던 30대 직장인 지훈(가명)님도 그랬습니다.</p><p>잦은 야근과 회식, 주말에는 밀린 잠을 자느라 식사 시간이 들쑥날쑥했고, 늘 긴장 속에 살아가고 있었습니다.</p><p>그는 스스로 ‘위장이 약하다’고만 생각했지만, 그의 소화불량 원인은 스트레스와 불규칙한 생활 습관에서 시작된 복합적인 문제였습니다.</p><p>몇 년간 지속된 만성 소화불량과 잦은 설사는 그의 삶의 질을 현저히 떨어뜨리고 있었습니다.</p>\n\n<table>\n<tbody><tr><td colspan=\"1\" rowspan=\"1\">\n<p><span>지훈(가명)님은 32세 남성 직장인으로, 2년 넘게 반복되는 소화불량과 설사로 고통받고 있었습니다.</span></p><p><span>특히 긴장하거나 중요한 회의를 앞두면 배가 뒤틀리는 듯한 통증과 함께 급박한 설사를 경험했습니다.</span></p><p><span>저는 지훈님과의 상담을 통해 그의 식사 일지, 수면 패턴, 스트레스 요인, 그리고 평소의 감정 상태까지 세심히 기록했습니다.</span></p><p><span>단순히 장 기능을 돕는 처방만이 아니라, 그의 생활 맥락 전체를 아우르는 치료 계획이 필요하다고 판단했습니다.</span></p>\n</td></tr></tbody>\n</table>\n\n<p>소화기 증상은 이처럼 우리 `<u>몸과 마음, 그리고 생활 전반을 비추는 거울</u>`과 같습니다.</p><p>단순히 증상만을 억제하기보다는, 왜 이런 신호가 나타나는지 `<strong>그 본질을 이해하는 것이 중요합니다.</strong>`</p><h2 id=\"section-2\">나만을 위한 ‘맞춤형 지도’를 그리는 과정</h2><figure class=\"kg-card kg-image-card\"><img src=\"https://barun-static.s3.ap-northeast-2.amazonaws.com/blog/snowhitebambi/2025/11/d1e8a38a12f42eb08739ef9f3a9eff8e3e0471c70eb485b79fc1332012ffef2b.png\" class=\"kg-image\" alt=\"\" loading=\"lazy\" style=\"width: 100%; height: auto; border-radius: 12px; margin: 2rem 0;\"></figure><p>그렇다면 어떻게 이 복합적인 문제를 풀어나갈 수 있을까요?</p><p>저는 환자분 한 분 한 분의 `<u>‘몸의 이야기’</u>`에 귀 기울이며, 그 이야기에 맞는 `<u>‘맞춤형 지도’</u>`를 함께 그리는 것이 중요하다고 생각합니다.</p><p>`<strong>소화불량 치료와 잦은 설사를 위한 생활 습관 개선</strong>`은 개인의 조건과 반응에 따라 달라져야 합니다.</p>\n\n<table>\n<tbody><tr><td colspan=\"1\" rowspan=\"1\">\n<p><span>소화기 불편을 줄이기 위한 생활 속 작은 실천들을 기억해 볼 수 있습니다. `</span><span><b>식사는 천천히 소량씩 자주 하고, 음식을 충분히 씹어 드시는 것이 중요합니다.</b></span><span>` `</span><span><b>기름진 음식, 매운 음식, 너무 차거나 뜨거운 음식은 잠시 피하고 담백한 식단을 유지하는 것이 좋습니다.</b></span><span>` 또한 식사 후 바로 눕는 습관은 위산 역류나 소화 지연을 유발할 수 있으니 자제하고, 가벼운 산책을 하는 것도 도움이 될 수 있습니다. `</span><span><b>충분한 수분 섭취는 장 건강에 필수적이며, 특히 설사 시에는 탈수를 예방하는 데 중요합니다.</b></span><span>`</span></p>\n</td></tr></tbody>\n</table>\n\n<p>이러한 노력과 더불어, 때로는 `<strong>한약</strong>`이 몸의 자율적인 회복력을 높이는 데 큰 역할을 할 수 있습니다.</p><p>한약은 단순히 증상을 덮는 것이 아니라, `<strong>몸의 환경 변화와 체질 균형 회복</strong>`을 돕는 과정입니다.</p><p>특히 `<u>상한론과 금궤요략의 원리</u>`를 통해 장기적으로 위장 기능을 강화하고, 스트레스에 대한 저항력을 키워 `<strong>만성 소화불량과 설사를 근본적으로 다스리는 데 집중합니다.</strong>`</p>\n\n<table>\n<tbody><tr><td colspan=\"1\" rowspan=\"1\">\n<p><span>`</span><span><b>만약 심한 복통이 있거나, 혈변 또는 흑색변을 보거나, 체중 감소가 동반된다면 단순한 소화불량이 아닐 수 있습니다.</b></span><span>`</span></p><p><span>`</span><span><b>이런 증상이 나타나면 즉시 의료 전문가와 상담하여 정확한 진단과 적절한 치료를 받는 것이 중요합니다.</b></span><span>`</span></p><p><span>스스로 판단하여 치료 시기를 놓치지 않도록 주의하십시오.</span></p>\n</td></tr></tbody>\n</table>\n\n<h2 id=\"section-3\">회복의 여정, 혼자 걷지 않아도 괜찮습니다</h2><figure class=\"kg-card kg-image-card\"><img src=\"https://barun-static.s3.ap-northeast-2.amazonaws.com/blog/snowhitebambi/2025/11/1431dbbd3ea4e35be4fd618dcad4c8550826519e2cbf4556c18d97693e95a3c7.png\" class=\"kg-image\" alt=\"\" loading=\"lazy\" style=\"width: 100%; height: auto; border-radius: 12px; margin: 2rem 0;\"></figure><p>소화불량과 설사로 지친 당신에게 제가 전하고 싶은 메시지는 명확합니다.</p><p>`<strong>당신은 결코 혼자가 아닙니다</strong>`.</p><p>저 또한 임상에서 수많은 환자분들과 함께 이 회복의 길을 걸으며, 그들의 작은 변화에 늘 감동하고 배우고 있습니다.</p><p>우리 몸은 생각보다 훨씬 더 `<u>놀라운 회복력</u>`을 가지고 있습니다.</p><p>다만 그 회복력을 일깨우는 `<u>올바른 ‘열쇠’와 ‘방법’</u>`이 필요할 뿐입니다.</p><p>저의 역할은 그 열쇠를 함께 찾아주고, 당신의 몸이 스스로 균형을 되찾을 수 있도록 돕는 `<u>조력자</u>`입니다.</p><p>지금 당신의 몸이 보내는 신호에 귀 기울이고, `<strong>몸의 신호를 해석하려는 노력</strong>`에서부터 진정한 회복의 여정은 시작될 것입니다.</p><p>제가 아니더라도, `<strong>공감하는 의료진을 만나십시오</strong>`.</p><p>그 첫걸음이 당신의 일상에 다시금 활력을 불어넣어 줄 것이라 믿습니다.</p><figure class=\"kg-card kg-image-card\"></figure>"
      },
      {
        "id": 3288,
        "title": "“피부가 타는 듯 가려워요” | 예민한 20대 콜린성 두드러기",
        "content": "<p><strong>\"피부가 불타는 것 같아요\": 20대 콜린성 두드러기의 고통</strong></p><hr><p>제가 진료실에서 뵙는 많은 분들이 이렇게 말씀하십니다.</p><p>\"선생님, <u>피부가 불타는 것 같아요</u>.\"</p><p>이 말 한마디에는 <strong>극심한 고통과 함께, 설명하기 어려운 답답함</strong>이 고스란히 담겨 있습니다.</p><p>특히 예민한 20대 환자분들 중에는 <strong>콜린성 두드러기</strong>로 인해 <strong>일상생활이 크게 위협받는</strong> 경우가 적지 않습니다. 단순히 땀이 나거나 체온이 오르면 나타나는 현상이라고만 생각하기 쉽지만, 사실 우리 몸 깊숙이 자리한 <strong>체질적 불균형</strong>과 <strong>신경계의 예민함</strong>이라는 복잡한 원리가 숨겨져 있습니다.</p>\n\n<table>\n<tbody><tr><td colspan=\"1\" rowspan=\"1\">\n<p><span>\"조금만 움직여도 온몸이 </span><span><u>바늘로 찌르는 것처럼</u></span><span> 따갑고, </span><span><b>가렵다 못해 아파요</b></span><span>. 친구들과 운동하는 것도, 데이트도 엄두가 안 나요. 혹시 제가 이상한 건가요?\"</span></p>\n</td></tr></tbody>\n</table>\n\n<p>이런 호소를 들을 때마다 저는 환자분의 마음이 얼마나 지쳐 있을지 헤아리게 됩니다.</p><p>많은 분들이 <strong>콜린성 두드러기</strong>를 '외부 자극'에 대한 <strong>단순한 피부 반응</strong>으로만 여기고, 그때그때 증상을 가라앉히는 데 급급합니다. 하지만 제가 임상에서 관찰한 바에 따르면, 이러한 접근은 <strong>근본적인 해결책이 되기 어렵습니다.</strong> 특히 감수성이 예민한 젊은 환자분들에게서는 더욱 그렇습니다.</p><p><strong>단순한 피부 반응을 넘어: 콜린성 두드러기의 숨겨진 원리</strong></p>\n\n<table>\n<tbody><tr><td colspan=\"1\" rowspan=\"1\">\n<p><span>최근에 뵈었던 20대 초반의 박지영(가명)님은 작은 스트레스에도 얼굴이 붉어지고, 조금만 더워도 '</span><span><u>피부가 타는 듯한</u></span><span>' 가려움증과 함께 온몸에 붉은 반점이 돋아나는 등 </span><span><b>피부 트러블</b></span><span>이 심해졌습니다. 처음에는 운동을 피하고 뜨거운 음식을 멀리하는 것으로 해결하려 했지만, 점차 증상은 </span><span><b>사소한 감정 변화나 따뜻한 실내 온도</b></span><span>에도 나타나기 시작했습니다. 잠시 가라앉았다가도 밤이 되면 다시 심해져 숙면을 취하기도 어려웠습니다. 검사상 특별한 이상은 없다는 말에 더욱 좌절하는 모습이었습니다.</span></p>\n</td></tr></tbody>\n</table>\n\n<p>지영님처럼, <strong>콜린성 두드러기</strong>가 만성화되고 악화되는 데는 단순히 외부 자극 외에 우리 몸 안의 미묘한 '<strong>체질적 불균형</strong>'과 '<strong>신경계의 과민 반응</strong>'이 깊이 관여합니다. 그렇다면 왜 이 젊은 세대에게 유독 이 '<u>경보 시스템</u>'이 과민하게 작동하는 걸까요? 저는 이 원리를 우리 몸의 '<u>과민 경보 시스템</u>'에 비유하곤 합니다.</p><p><strong>콜린성 두드러기, 몸 안의 '과민 경보 시스템' 이해하기</strong></p><hr>\n\n<table>\n<tbody><tr><td colspan=\"1\" rowspan=\"1\">\n<p><span>**</span><span><b>콜린성 두드러기</b></span><span>, </span><span><u>몸 안의 '과민 경보 시스템'</u></span><span>**</span></p><p><span>우리 몸은 체온 조절을 위해 땀을 흘리는데, 이때 </span><span><u>아세틸콜린</u></span><span>이라는 </span><span><u>신경전달물질</u></span><span>이 분비됩니다. </span><span><b>콜린성 두드러기</b></span><span>는 이 아세틸콜린에 대한 몸의 과도한 반응으로 인해 발생합니다. 정상적인 몸이라면 체온이 오를 때 적절히 반응하지만, </span><span><b>체질적으로 열이 많거나, 스트레스로 인해 자율신경계가 항진된 경우</b></span><span> 이 </span><span><u>경보 시스템</u></span><span>이 너무 예민하게 작동하게 됩니다. 마치 작은 연기에도 </span><span><u>화재 경보기가 요란하게 울리는 것처럼</u></span><span> 말입니다. 특히 </span><span><b>스트레스</b></span><span>는 </span><span><u>자율신경계</u></span><span>의 균형을 무너뜨려 피부를 더욱 예민하게 만듭니다. 이러한 체질적 경향과 신경계의 과민 반응이 복합적으로 작용하여, 사소한 자극에도 </span><span><b>극심한 가려움증과 발진</b></span><span>을 유발하는 것입니다.</span></p>\n</td></tr></tbody>\n</table>\n\n<p>이러한 이해는 <strong>콜린성 두드러기</strong>를 제가 임상에서 관찰하고 해석하는 중요한 관점의 핵심입니다. 서양의학적 시각에서 단순히 자극에 대한 반응으로 볼 수 있지만, 저는 우리 몸의 <strong>근본적인 회복력</strong>을 믿으며, 고전 의서에서부터 이어져 온 지혜가 현시대에도 유효함을 여러 환자분들을 통해 확인하곤 합니다.</p><p>저는 환자분들의 [VOC]에서 그 단서를 찾고, 몸이 보내는 신호를 해석하여 숨겨진 패턴을 읽어냅니다.</p><p>단순히 <strong>항히스타민제</strong>를 복용하여 증상만 억제하는 것은, <u>화재 경보기가 울릴 때 건전지를 빼버리는 것과 같습니다</u>. 일시적인 효과는 있을지 몰라도, <strong>근본적인 문제를 해결하지 못하는 것</strong>이지요.</p><p>그렇다면 어떻게 이 '<u>과민 경보 시스템</u>'을 안정시킬 수 있을까요?</p><p><strong>근본적인 회복을 위한 맞춤 전략</strong></p><p>해답은 '<strong>개인별 맞춤 관리 전략</strong>'에 있습니다. 저는 환자분 각자의 <strong>체질적 특성과 생활 습관, 그리고 현재의 신경계 상태</strong>를 면밀히 파악하는 것을 가장 중요하게 생각합니다. 단순히 겉으로 드러난 증상만 억누르는 것이 아니라, <strong>몸과 신경계의 균형 회복</strong>이 목표이지요. 이를 위해 저는 환자분 한 분 한 분의 몸 상태와 생활 맥락에 맞춘 '<u>맞춤 이야기</u>'처럼, <strong>한약 치료를 통해 몸의 고유한 치유력을 북돋고</strong>, 동시에 생활 속에서 실천 가능한 구체적인 가이드를 함께 제시합니다. 이러한 과정은 마치 <u>과민해진 경보 시스템의 민감도를 조절하고, 시스템 전반의 안정성을 되찾아 주는 것과 같습니다</u>.</p>\n\n<table>\n<tbody><tr><td colspan=\"1\" rowspan=\"1\">\n<p><span>**일상 속 </span><span><b>콜린성 두드러기</b></span><span> 관리 팁:**</span></p><p><span>1. </span><span><b>온도 변화에 주의:</b></span><span> 갑작스러운 온도 변화를 피하고, 에어컨이나 히터 사용 시 실내외 온도차를 줄이세요.</span></p><p><span>2. </span><span><b>수분 섭취:</b></span><span> 충분한 수분 섭취는 체온 조절과 피부 진정에 도움이 됩니다.</span></p><p><span>3. </span><span><b>스트레스 관리:</b></span><span> 명상, 가벼운 운동, 충분한 휴식 등으로 마음의 평화를 찾으세요. </span><span><b>스트레스는 증상 악화의 주범입니다.</b></span></p><p><span>4. </span><span><b>자극 없는 옷:</b></span><span> 통풍이 잘되고 부드러운 면 소재 옷을 착용하여 피부 자극을 최소화합니다.</span></p>\n</td></tr></tbody>\n</table>\n\n<p>이런 생활 관리는 중요하지만, 만약 이미 증상이 심각하다면 <strong>전문가의 도움이 필요합니다.</strong> 스스로 해결하려다 오히려 증상을 악화시키는 경우를 자주 봅니다.</p><p><strong>스스로를 위한 현명한 선택: 전문가와 동행하기</strong></p><hr>\n\n<table>\n<tbody><tr><td colspan=\"1\" rowspan=\"1\">\n<p><span><b>섣부른 자가 진단과 치료는 금물!</b></span></p><p><span><b>콜린성 두드러기</b></span><span>는 증상이 다양하고 복합적인 원인을 가지는 경우가 많습니다. 인터넷 정보만으로 자가 진단하거나, 검증되지 않은 민간요법에 의존하는 것은 </span><span><b>증상을 더욱 악화시키거나 적절한 치료 시기를 놓칠 수 있습니다</b></span><span>. 반드시 몸 전체를 세심히 살펴주고, 개개인의 체질과 상태에 맞는 진단과 치료 계획을 세워줄 수 있는 </span><span><b>의료진을 만나십시오</b></span><span>.</span></p>\n</td></tr></tbody>\n</table>\n\n<p>결국 <strong>콜린성 두드러기</strong>를 극복하는 것은 단순한 피부 문제 해결을 넘어, <strong>우리 몸과 마음의 조화</strong>를 되찾는 여정입니다.</p><p>제가 임상에서 마주하는 환자분들은 고통 속에서도 자신을 이해하려는 의지를 가진 분들입니다. 몸의 소리에 귀 기울이고, 그 목소리를 제가 함께 해석해 드릴 때, 비로소 <strong>회복의 길이 열립니다.</strong></p><p>“<u>피부가 타는 듯 가려워요</u>.”라는 절규가 “<strong>이제 좀 살 것 같아요.</strong>”라는 안도로 바뀌는 순간을 위해, 오늘도 저는 진료실에서 환자분들과 함께 걷고 있습니다.</p><p>부디 이 글이 혼자 고통받고 있는 분들에게 작은 위로와 함께, <strong>회복을 향한 용기</strong>를 선사하기를 바랍니다.</p><p><strong>스스로의 몸이 충분히 치유할 힘을 가지고 있음</strong>을 기억하세요. 저는 그 힘을 <strong>함께 찾아내고 깨워낼 동반자</strong>입니다.</p><figure class=\"kg-card kg-image-card\"></figure>"
      },
      {
        "id": 3295,
        "title": "과민성대장증후군 두유 먹고 복통 설사?",
        "content": "<p>과민성대장증후군 두유 먹고 복통 설사?</p><p>“배가 너무 아파서 화장실만 들락거려요” | <strong>수험생의 과민성대장증후군</strong></p><p>혹시 요즘 아침을 든든하게 시작하기 위해 두유를 마셨다가 갑자기 <strong>배가 불편해진 경험</strong>이 있으신가요?</p><p>특히 중요한 시험을 앞두고 있거나 바쁜 일상 속에서 식단을 신경 쓰는 <strong>수험생이나 직장인분들</strong>이 이런 문제로 저를 찾아오시는 경우가 많습니다.</p>\n\n<table>\n<tbody><tr><td colspan=\"1\" rowspan=\"1\">\n<p><span>“원장님, 아침마다 두유를 마시고 있는데, 이게 유독 배를 아프게 하고 화장실을 가게 만드는 것 같아요. 안 그래도 시험 때문에 예민한데, 이러다간 공부에 집중하기가 너무 힘들어요.”</span></p>\n</td></tr></tbody>\n</table>\n\n<p>수진님(가명)의 이야기였습니다.</p><p>수진님은 중요한 시험을 앞둔 수험생으로, <strong>밥 먹을 시간이 부족하여 두유로 끼니를 대신하는 경우</strong>가 잦았습니다.</p><p>그런데 두유를 마신 날이면 어김없이 <strong>복통과 설사 증상</strong>이 나타나 학교 화장실을 들락거려야 했습니다.</p><p>과연 두유가 수진님의 <strong>과민성대장증후군</strong>(IBS) 증상을 악화시키는 주범일까요?</p><p>그리고 두유가 정말 <strong>장 건강에 해로운 음식</strong>인 걸까요?</p><p>이 질문에 대한 답을 함께 찾아가 보겠습니다.</p><p><strong>두유, 과민성대장증후군과의 관계를 파헤치다</strong></p><p>제가 진료실에서 뵙는 많은 과민성대장증후군 환자분들이 <strong>특정 음식 섭취 후 불편함</strong>을 호소합니다.</p><p>특히 두유처럼 <strong>건강식으로 알려진 식품</strong>에 대해서는 더욱 혼란스러워하시는 경향이 있습니다.</p><p>결론부터 말씀드리면, 두유는 모든 과민성대장증후군 환자에게 <strong>무조건 해로운 것은 아닙니다.</strong></p><p>다만, 두유에 포함된 <strong>특정 성분들</strong>이 일부 민감한 분들에게는 증상을 유발할 수 있습니다.</p><p>그 중심에는 바로 ‘<strong>FODMAP</strong>(포드맵)’이라는 성분군이 있습니다.</p>\n\n<table>\n<tbody><tr><td colspan=\"1\" rowspan=\"1\">\n<p><span>FODMAP은 </span><span><u>Fermentable Oligosaccharides, Disaccharides, Monosaccharides, And Polyols</u></span><span>의 약자입니다.</span></p><p><span>이들은 장에서 잘 흡수되지 않고 발효되어 가스를 많이 생성하거나 수분을 끌어당겨 과민성대장증후군 환자에게 </span><span><b>복부 팽만감, 복통, 설사 등의 증상</b></span><span>을 유발할 수 있습니다.</span></p><p><span>두유의 주재료인 콩류는 </span><span><u>갈락토올리고당(GOS)</u></span><span>이라는 FODMAP 성분을 다량 함유하고 있습니다.</span></p><p><span>이 성분이 장내 미생물에 의해 발효되면서 과도한 가스가 발생하고, </span><span><b>장의 민감도를 높여 불편함</b></span><span>을 초래하는 것이지요.</span></p>\n</td></tr></tbody>\n</table>\n\n<p>모든 두유가 FODMAP 함량이 높은 것은 아니며, <strong>모든 사람이 FODMAP에 동일하게 반응하는 것도 아닙니다.</strong></p><p><strong>지훈님의 이야기: 두유와 FODMAP, 개인별 반응의 중요성</strong></p><figure class=\"kg-card kg-image-card\"><img src=\"https://barun-static.s3.ap-northeast-2.amazonaws.com/blog/snowhitebambi/2025/10/316acb0a4936015afa69f448dc2e75a9fcbe65b4fed26a0f16c177c3f500e26b.jpg\" class=\"kg-image\" alt=\"\" loading=\"lazy\" style=\"width: 100%; height: auto; border-radius: 12px; margin: 2rem 0;\"></figure><p>제가 진료했던 또 다른 환자분, 30대 직장인 지훈님(가명)의 사례를 보시죠.</p>\n\n<table>\n<tbody><tr><td colspan=\"1\" rowspan=\"1\">\n<p><span>지훈님은 만성적인 복통과 설사로 </span><span><b>업무 중에도 어려움을 겪는 과민성대장증후군 환자</b></span><span>였습니다.</span></p><p><span>처음에는 유제품이 문제인 줄 알고 우유를 끊고 두유를 꾸준히 마셨는데도 증상이 나아지지 않아 답답해하셨습니다.</span></p><p><span>정밀한 식단 일지 분석과 단계별 식이 조절을 통해 </span><span><b>일반 콩으로 만든 두유를 섭취했을 때 특히 증상이 심해진다</b></span><span>는 것을 발견했습니다.</span></p><p><span>하지만 저FODMAP 식단을 유지하며 귀리나 쌀로 만든 대체 음료를 마셨을 때는 훨씬 </span><span><b>편안함</b></span><span>을 느끼셨습니다.</span></p><p><span>이후, </span><span><b>저FODMAP 인증을 받은 두유</b></span><span>를 소량씩 섭취하며 자신에게 맞는 양을 찾아 건강하게 즐길 수 있게 되었습니다.</span></p>\n</td></tr></tbody>\n</table>\n\n<p>지훈님의 사례처럼, <strong>두유 섭취 후 복통이나 설사 같은 증상이 나타났다면</strong>, 우선은 <strong>잠시 섭취를 중단하고 몸의 반응을 살펴보는 것</strong>이 좋습니다.</p><p>혹시 두유 때문에 과민성대장증후군이 생겼을까 걱정하시는 분들도 계시겠지만, 두유가 <strong>직접적으로 병을 유발하기보다는</strong> 이미 민감해진 장에 특정 성분이 자극을 주는 것으로 이해하는 것이 더 정확합니다.</p><p>두유 외에도 <strong>스트레스는 과민성대장증후군 증상을 악화시키는 주요 요인 중 하나</strong>입니다.</p><p>특히 수험생처럼 <strong>학업 스트레스가 높은 시기</strong>에는 <u>장-뇌 축</u>이 더욱 예민해져 소화 과정이 방해받고 <strong>장의 민감도가 높아질 수 있습니다.</strong></p><p>이처럼 <strong>스트레스 관리는 장 건강을 위한 핵심 요소</strong> 중 하나가 됩니다.</p><p><strong>과민성대장증후군 환자를 위한 두유 섭취 가이드라인</strong></p><figure class=\"kg-card kg-image-card\"><img src=\"https://barun-static.s3.ap-northeast-2.amazonaws.com/blog/snowhitebambi/2025/10/070c106c5ff6d8cb8c165956d99a7fb38dcf168c5ca63ffbed56ed120fcbe6c3.jpg\" class=\"kg-image\" alt=\"\" loading=\"lazy\" style=\"width: 100%; height: auto; border-radius: 12px; margin: 2rem 0;\"></figure><p>그렇다면 과민성대장증후군을 가진 분들이 두유를 <strong>현명하게 섭취하려면</strong> 어떻게 해야 할까요? 단순히 모든 두유가 같다고 생각하기보다는 몇 가지 사항을 고려해야 합니다.</p><p>먼저, 시중에는 일반 콩으로 만든 두유 외에도 <strong>귀리, 쌀, 아몬드 등으로 만든 다양한 식물성 음료</strong>가 있습니다. 이 중에는 FODMAP 함량이 낮은 제품들도 많으니, 성분표를 꼼꼼히 확인하고 <strong>저FODMAP 인증을 받은 제품을 선택</strong>하는 것이 좋습니다.</p>\n\n<table>\n<tbody><tr><td colspan=\"1\" rowspan=\"1\">\n<p><span>일반적으로 </span><span><u>대두(soybean)</u></span><span>는 FODMAP 함량이 높지만, </span><span><u>대두유(soy milk)</u></span><span>는 제조 과정에서 단백질이 걸러지면서 FODMAP 함량이 낮아질 수 있습니다. 하지만 제품에 따라 차이가 크므로, '</span><span><u>저FODMAP' 인증 마크</u></span><span>가 있는 제품을 우선적으로 고려하는 것이 안전합니다.</span></p>\n</td></tr></tbody>\n</table>\n\n<p>이와 함께 섭취하는 <strong>'양'을 조절하는 것</strong>도 중요합니다. 아무리 저FODMAP 식품이라 할지라도 과량 섭취하면 증상을 유발할 수 있습니다. <strong>소량부터 시작하여 본인의 몸이 어떻게 반응하는지 주의 깊게 관찰</strong>하며 점차 양을 늘려가는 '개인별 테스트'가 필요합니다. 이는 마치 <u>예민한 화분에 물을 주는 것과 같습니다</u>. 식물마다 필요한 물의 양이 다르듯, 우리 장도 각기 다른 민감도를 가지고 있기 때문입니다. <strong>자신의 '적정량'을 찾는 것이 핵심</strong>입니다.</p><p>또한, <strong>무분별한 식이 제한은 피해야</strong> 합니다. 특정 식품에 대한 두려움으로 식단 전체를 지나치게 제한하면 오히려 영양 불균형을 초래할 수 있고, 불안감만 커져 과민성대장증후군 증상 악화로 이어지는 악순환을 만들 수 있습니다.</p>\n\n<table>\n<tbody><tr><td colspan=\"1\" rowspan=\"1\">\n<p><span><b>특정 식품에 대한 섣부른 판단이나 무분별한 식이 제한</b></span><span>은 영양 불균형을 초래하고, 심리적인 불안감까지 가중시킬 수 있습니다. 반드시 자신의 몸의 반응을 면밀히 관찰하고, 필요하다면 </span><span><b>전문가의 도움을 받아 체계적인 식단 관리를 계획하는 것</b></span><span>이 중요합니다.</span></p>\n</td></tr></tbody>\n</table>\n\n<p><strong>나만의 장 건강 원리를 찾아가는 여정</strong></p><figure class=\"kg-card kg-image-card\"><img src=\"https://barun-static.s3.ap-northeast-2.amazonaws.com/blog/snowhitebambi/2025/10/e0bd4f4d4d4f7540ab1921c79a5bdd5eee55804faaac1192585ee069e4ad91b4.jpg\" class=\"kg-image\" alt=\"\" loading=\"lazy\" style=\"width: 100%; height: auto; border-radius: 12px; margin: 2rem 0;\"></figure><p>과민성대장증후군은 <strong>단순히 장의 문제만이 아닙니다.</strong></p><p>정신적인 스트레스, 생활 습관, 그리고 먹는 음식까지 <strong>복합적으로 작용하여 나타나는 증상</strong>입니다.</p><p>두유 하나만을 놓고 '좋다', '나쁘다'를 단정하기보다는, 나라는 사람의 <strong>전체적인 맥락 속에서 두유가 내 장에 어떤 영향을 미치는지 이해하려는 노력</strong>이 필요합니다.</p><p>조금 번거로울지라도 <strong>자신의 식단 일지를 작성하고 증상 변화를 기록해 보는 것</strong>을 권유합니다.</p><p>그 과정에서 <strong>나만의 장 건강 원리와 실마리</strong>를 찾아낼 수 있을 것입니다.</p><p>어쩌면 두유가 아니라 다른 스트레스 요인이 문제였을 수도 있고, <strong>특정 브랜드의 두유만 문제</strong>가 되었을 수도 있습니다.</p><p>결국 이 모든 과정은 <strong>우리 몸이 보내는 작은 신호들에 귀 기울이는 연습</strong>이며, 자신과의 대화를 시작하는 여정입니다.</p><p>이 글을 읽는 모든 분들이 자신의 장과 더욱 깊이 소통하며, <strong>편안하고 활기찬 일상을 되찾으시길 진심으로 바랍니다.</strong></p><p>그리고 저 역시, 진료실에서 환자분들의 이 <strong>작은 목소리에 계속 귀 기울이며 함께 길을 찾아나가겠습니다.</strong> 혹 제가 아니더라도, 몸 전체의 신호에 귀 기울여 줄 수 있는 의료진과 함께 <strong>이 여정을 걷는 것</strong>도 좋은 방법이 될 것입니다.</p><figure class=\"kg-card kg-image-card\"></figure>"
      },
      {
        "id": 3302,
        "title": "운동 없이도 체중 감량, 과연 가능할까요? | 운동없이다이어트",
        "content": "<p><strong>운동 없이도 체중 감량, 과연 가능할까요?</strong></p><hr><p>바쁜 일상, 혹은 신체적인 제약 때문에 운동 시간을 확보하기 어려운 분들이라면 한 번쯤 던져봤을 질문일 겁니다. ‘몸을 움직이지 않고도 살을 뺄 수 있다면 얼마나 좋을까’ 하는 막연한 기대를 저도 진료실에서 자주 듣곤 합니다.</p><p>하지만 운동 없는 체중 관리는 단순히 덜 먹거나 유행하는 <strong>다이어트 보조제</strong>에 의존하는 것 이상입니다. 우리 몸의 <strong>환경</strong>을 근본적으로 이해하고 교정하는 작업이 되어야 합니다.</p>\n\n<table>\n<tbody><tr><td colspan=\"1\" rowspan=\"1\">\n<p><span>“원장님, 매일 야근에 아이들 돌보느라 운동은 꿈도 못 꿔요.</span></p><p><span>밥 먹을 시간도 없어서 대충 때우거나, 너무 지쳐서 밤늦게 폭식하는 게 일상이에요.</span></p><p><span>물만 마셔도 붓는 것 같고, 체중은 자꾸 늘어만 가네요.</span></p><p><span>운동 없이 다이어트할 방법 정말 없을까요?”</span></p>\n</td></tr></tbody>\n</table>\n\n<p>이런 목소리는 제가 진료실에서 만나는 많은 환자분들의 솔직한 고민과 맞닿아 있습니다. 운동을 하지 못하는 상황 자체가 스트레스로 작용하고, 이것이 다시 식욕 조절 실패와 체중 증가로 이어지는 <u>악순환의 고리</u>입니다.</p><p>결론부터 말씀드리면, 운동 없이도 체중 감량은 분명히 가능합니다. 하지만 이는 우리가 흔히 생각하는 것보다 훨씬 더 냉철한 자기 분석과 실천 가능한 작은 변화들을 꾸준히 이어가는 노력이 필요합니다.</p><p><strong>A님의 현실적인 성공 사례: 운동 없는 체중 관리의 가능성</strong></p><p>운동 없이도 체중 관리에 성공한 사례는 어떤 모습일까요? 제가 진료실에서 경험한 A님의 이야기를 통해 살펴보겠습니다.</p>\n\n<table>\n<tbody><tr><td colspan=\"1\" rowspan=\"1\">\n<p><span>40대 직장인 A님은 출퇴근 시간까지 합하면 하루 **</span><span><b>12시간 이상</b></span><span>**을 회사에서 보내는 분이었습니다.</span></p><p><span>운동할 시간은 물론, 규칙적인 식사조차 어려웠죠.</span></p><p><span>A님은 처음 내원했을 때 체중 </span><span><b>78kg</b></span><span>, 체지방률 </span><span><b>35%</b></span><span>로 비만에 해당했고, 특히 복부 비만이 심했습니다.</span></p><p><span>잦은 야식과 불규칙한 수면 패턴, 만성적인 소화 불량이 주요 단서였죠.</span></p><p><span>저는 A님에게 운동 대신 </span><span><b>몸의 '환경'</b></span><span>을 바꾸는 전략을 제안했습니다.</span></p><p><span>우선 밤늦은 야식을 끊고, 잠들기 </span><span><b>3시간 전</b></span><span>에는 공복을 유지하도록 했습니다.</span></p><p><span>그리고 아침에 눈을 뜨면 따뜻한 물 한 잔을 마시고, 출근길에 </span><span><b>20분 정도</b></span><span> 햇볕을 쬐면서 천천히 걷는 것을 목표로 삼았죠.</span></p><p><span>점심은 회사 근처 식당에서 단백질 위주로 선택하되, 밥은 절반만 먹도록 지도했습니다.</span></p><p><span>저녁은 퇴근 후 가볍게 집밥을 먹고, 가능하면 </span><span><b>7시 이전</b></span><span>에 마무리하게 했습니다.</span></p><p><span>추가적으로 스트레스를 관리하기 위해 저녁 식사 후 </span><span><b>10분간</b></span><span> 명상을 하거나, 따뜻한 물에 족욕을 하는 루틴을 제안했습니다.</span></p><p><span>한 달 후, A님은 체중 </span><span><b>2.5kg 감량</b></span><span>과 허리둘레 </span><span><b>3cm 감소</b></span><span>라는 성과를 얻었습니다.</span></p><p><span>특히 가장 큰 변화는 만성적인 부기와 소화 불량이 개선되고, 밤잠의 질이 좋아졌다는 점이었습니다.</span></p><p><span>이것이 바로 운동 제약 속에서도 생활 습관 개선을 통해 </span><span><b>체중 감량의 현실성</b></span><span>을 확보한 사례입니다.</span></p>\n</td></tr></tbody>\n</table>\n\n<p>A님의 사례에서 보듯이, 운동의 부재를 채우는 것은 식단 다이어트라는 이름 아래 단순히 먹는 양을 줄이는 것만이 아닙니다. 우리 몸의 대사 시스템을 정상화하고, <strong>체지방이 잘 축적되지 않는 몸의 환경을 만드는 것이 핵심입니다.</strong></p><p>한의학에서는 우리 몸을 물이 고여 넘치지 않도록 관리하는 '<u>욕조</u>'에 비유하곤 합니다. 배수구가 막히면 물이 고이듯, <u>기혈진액 순환</u>이 막히고 '<u>담음</u>'이 축적되면 <u>체수분 균형</u>이 무너져 실제 체중의 <strong>1~2kg</strong>이 부기로 변동할 수 있습니다. 이를 '<u>담음</u>' 제거와 '<u>장부 균형</u>' 회복의 관점으로 해석합니다. 현대 대사 과학에서는 '<u>인슐린 민감성 개선</u>', '<u>호르몬 균형</u>', '<u>수면의 질</u>'이 주요 지표가 됩니다. 두 관점 모두 <strong>몸의 환경이 체중의 핵심이라는 점</strong>에 동의합니다.</p><p><strong>몸의 환경 교정: 운동 없는 체중 관리의 핵심 경로</strong></p><hr><p>그렇다면, 운동 없이도 몸의 환경을 바꾸기 위한 구체적인 핵심 경로는 무엇일까요? 제가 진료실에서 환자분들과 함께 걷는 길을 공유해 드립니다.</p>\n\n<table>\n<tbody><tr><td colspan=\"1\" rowspan=\"1\">\n<p><span>몸의 환경 교정: 운동 없는 체중 관리의 핵심 경로</span></p><p><span>첫째, 식욕 및 </span><span><b>인슐린 신호</b></span><span>를 조절하는 것이 중요합니다. 혈당 스파이크를 줄이는 저GI 식단과 단백질 및 식이섬유를 충분히 섭취하고, 규칙적인 식사 시간을 지키며 야식을 금하는 것이 여기에 해당합니다.</span></p><p><span>둘째, </span><span><u>수면의 질 확보</u></span><span>는 간과할 수 없는 요소입니다. 멜라토닌 분비 촉진을 위해 규칙적인 수면 시간을 유지하고, 잠들기 전 전자기기 사용을 자제하며 침실 환경을 어둡고 시원하게 조성하는 것이 좋습니다.</span></p><p><span>셋째, </span><span><u>스트레스 관리</u></span><span>는 </span><span><u>코르티솔 호르몬</u></span><span> 조절에 필수적입니다. 명상, 요가, 가벼운 산책 등으로 스트레스를 해소하고 충분한 휴식을 취하며, 감정적 식사를 줄이는 연습을 꾸준히 해보세요.</span></p><p><span>넷째, 수분 및 순환 개선은 한의학적 </span><span><u>담음 관리</u></span><span>의 핵심입니다. 충분한 물을 섭취하고 과도한 염분을 제한하며 몸을 따뜻하게 유지하여 순환을 촉진하는 것이 좋습니다. 아침 공복 </span><span><b>유산균</b></span><span> 섭취도 도움이 될 수 있습니다.</span></p><p><span>마지막으로, </span><span><u>에너지 가용성 최적화</u></span><span>, 즉 </span><span><b>NEAT</b></span><span>(비운동성 활동 열 발생) 증가를 고려해야 합니다. 굳이 운동이라 부르지 않아도 되는 활동량을 늘리는 것을 의미합니다. 서서 일하기, 엘리베이터 대신 계단 이용하기, 가까운 거리는 짧게 걷기 등 </span><span><b>일상 속에서 움직임을 늘리는 작은 습관들이 큰 변화를 만듭니다.</b></span></p>\n</td></tr></tbody>\n</table>\n\n<p>이러한 생활 습관 개선은 단순히 체중계 숫자를 줄이는 것을 넘어, 몸 전반의 <strong>건강 지표를 개선하는 데 초점</strong>을 둡니다. 예를 들어, <u>간헐적 단식</u>과 같은 방법도 단순히 식사 시간을 제한하는 것을 넘어, 위에서 언급한 식욕 신호 조절의 맥락에서 접근해야 성공 확률이 높아집니다.</p><p><strong>운동 없이 다이어트 시 반드시 주의해야 할 점들</strong></p><hr><p>그렇다면 운동 없이 다이어트를 시도할 때, 우리가 반드시 주의해야 할 점들은 무엇일까요? 건강하고 안전한 체중 관리를 위해 꼭 알아두셔야 할 사항들을 알려 드립니다.</p>\n\n<table>\n<tbody><tr><td colspan=\"1\" rowspan=\"1\">\n<p><span>운동 없는 다이어트 시 주의 사항 및 다이어트 보조제에 대한 경고</span></p><p><span>첫째, </span><span><b>비현실적인 기대를 경계해야 합니다.</b></span><span> 운동 없이 한 달에 </span><span><b>10kg 감량</b></span><span>과 같은 과도한 목표는 좌절감을 불러오고 요요 현상을 유발하기 쉽습니다. 단기적인 목표보다는 꾸준하고 지속 가능한 변화에 초점을 맞추는 것이 중요합니다.</span></p><p><span>둘째, </span><span><b>다이어트 보조제</b></span><span>에 대한 </span><span><b>맹신은 금물입니다.</b></span><span> 시중에 판매되는 많은 보조제는 '보조'의 역할일 뿐, 식단과 생활 습관 개선을 결코 대체할 수 없습니다. 오히려 일부 제품은 </span><span><u>간 기능 이상</u></span><span>이나 </span><span><u>위장 장애</u></span><span> 등 심각한 부작용을 유발할 수 있으니, 복용 전에는 반드시 전문가와 상담하고 주의사항을 꼼꼼히 확인해야 합니다.</span></p><p><span>셋째, </span><span><u>근육량 감소</u></span><span>에 주의해야 합니다. 운동 없이 식사량만 급격히 줄이면 체지방보다 근육량이 먼저 줄어들 수 있습니다. 이는 </span><span><u>기초대사량</u></span><span>을 낮춰 장기적으로는 체중 감량을 더 어렵게 만들고 요요를 부추기는 주된 원인이 됩니다. 단백질 섭취량을 충분히 유지하고, 일상 속 활동량(NEAT)을 꾸준히 늘리는 것이 근육량 보존에 매우 중요합니다.</span></p><p><span>마지막으로, </span><span><b>숨겨진 질환이 없는지 확인하는 것이 필수적입니다.</b></span><span> 특별한 이유 없이 체중이 증가하거나 감량이 어려운 경우, </span><span><u>갑상선 질환</u></span><span>, </span><span><u>다낭성 난소 증후군</u></span><span> 등 기저 질환이 있을 수 있습니다. 이런 경우에는 단순히 식단 조절만으로는 한계가 있으니 반드시 의료진의 진찰을 받아 정확한 원인을 파악하고 적절한 치료를 받아야 합니다.</span></p>\n</td></tr></tbody>\n</table>\n\n<p>제가 아니더라도, 몸 전체를 세심히 살펴주는 의료진을 만나십시오. 자신의 몸이 보내는 작은 신호들을 면밀히 관찰하고, 이를 통해 <strong>나만의 다이어트 성공 팁을 찾아가는 과정이 중요합니다.</strong></p><p><strong>체중계 숫자보다 더 중요한, 나만의 관찰 지표 찾기</strong></p><p>여기서 한 가지 더, 체중계 숫자 외에 우리가 주목해야 할 중요한 관찰 지표는 무엇일까요?</p>\n\n<table>\n<tbody><tr><td colspan=\"1\" rowspan=\"1\">\n<p><span>체중계 숫자보다 더 중요한 관찰 지표</span></p><p><span>매일 아침 눈 뜨자마자 체중계에 오르는 습관은 오히려 심리적인 스트레스를 유발하고, 일시적인 </span><span><u>수분 변동</u></span><span>에 일희일비하게 만들 수 있습니다. 숫자 자체에 갇히기보다는 좀 더 폭넓은 시야로 몸을 관찰하는 것이 중요합니다.</span></p><p><span>대신 거울 속 내 모습은 어떤지, 옷이 편안하게 맞는 정도는 달라졌는지, 아침 부기 여부는 어떤지, 밤잠의 질은 좋아졌는지, 소화 상태는 개선되었는지, 그리고 하루 동안의 에너지 레벨 변화는 어떻게 되는지를 기록해 보세요. 이러한 주관적인 관찰 지표들이야말로 나의 </span><span><b>몸의 환경</b></span><span>이 어떻게 변화하고 있는지 알려주는 더 정확하고 실질적인 단서가 됩니다. </span><span><b>작은 변화들이 모여 큰 그림을 그리는 데 집중하십시오.</b></span></p>\n</td></tr></tbody>\n</table>\n\n<p>운동 없이 다이어트는 불가능한 꿈이 아닙니다. 하지만 그것은 단순히 '운동을 안 해도 되는' 편안한 길이라기보다는, 우리 몸이 보내는 신호에 더욱 귀를 기울이고, 삶의 균형을 찾아가는 섬세한 과정에 가깝습니다.</p><p>이 글을 통해 여러분의 체중 관리 여정에 <u>작은 닻</u> 하나가 되어줄 수 있기를 바랍니다. **꾸준한 관찰과 작은 실천들이 모여 <strong>지속 가능한 변화</strong>를 만들어 낼 것입니다.**</p><figure class=\"kg-card kg-image-card\"></figure>"
      },
      {
        "id": 3303,
        "title": "담적병 한약 “명치가 꽉 막힌 듯 답답해요” | 인천 40대 담적병",
        "content": "<p>“명치가 꽉 막힌 듯 답답해요” | 40대 남성의 담적병</p><p>진료실에서 만나는 많은 분들이 이런 <strong>답답함</strong>을 호소합니다.</p><p>명치 부위가 항상 묵직하고, 더부룩함 때문에 식사 후에는 더욱 고통스러우며, 때로는 얹힌 듯한 통증까지 느껴진다고 말합니다.</p><p>약을 먹어도 그때뿐이거나, <u>위내시경 검사</u>에서는 특별한 이상이 없다는 결과에 더욱 좌절하시는 분들도 적지 않습니다. 혹시 '<u>기능성 소화불량</u>'이라는 진단을 받았지만 여전히 불편하신가요? 이런 만성적인 위장 문제, 혹시 '<strong>담적병</strong>'은 아닐까 하고 궁금해하시나요?</p><p>제가 임상 현장에서 꾸준히 만나고 해석해 온 '<strong>담적병</strong>'의 본질과 회복의 길에 대해 솔직한 저의 시각을 나누려 합니다.</p><p><strong>담적병, 단순한 소화 불량이 아닙니다: 몸이 보내는 복합적인 신호</strong></p><p>담적병은 단순히 위장만의 문제로 보기 어렵습니다.</p><p>많은 분들이 <strong>소화가 안 되면</strong> 위산 억제제나 소화제를 먼저 찾지만, 담적병은 위벽 외부에 쌓인 '<u>담음(痰飮)</u>'이라는 노폐물이 굳어 발생하는 것으로 봅니다.</p><p>이것은 마치 위장이 제 기능을 하지 못하도록 외부에서 <u>끈적한 막이 둘러싸고 있는 것</u>과 같습니다.</p>\n\n<table>\n<tbody><tr><td colspan=\"1\" rowspan=\"1\">\n<p><span>제가 진료실에서 뵌 김수철님(가명, 40대 남성)은 “명치가 늘 </span><span><u>돌덩이가 박힌 듯 답답하고</u></span><span>, 가스가 차서 배가 풍선처럼 부어올라요. 트림도 자주 나오는데 시원하지 않고, 아침에는 속이 울렁거려서 아예 밥을 못 먹을 때도 많아요”라고 말씀하셨습니다.</span></p><p><span>또 다른 박미영님(가명, 30대 여성)은 “뭘 먹어도 소화가 안 돼서 체중이 계속 빠지고, 항상 피곤하고 머리도 맑지 않아요. 온몸이 다 아픈 것 같아요”라고 덧붙이셨지요.</span></p><p><span>이처럼 담적병은 소화기 증상뿐만 아니라 </span><span><b>만성피로, 두통, 어깨 결림 등 전신 증상</b></span><span>을 동반하는 경우가 많습니다.</span></p>\n</td></tr></tbody>\n</table>\n\n<p>결국 담적병은 몸 전체의 순환과 기능 저하가 위장에 집중되어 나타나는 <strong>복합적인 신호</strong>인 셈입니다.</p><p><strong>담적병의 진짜 원인: 장부 기능의 불균형과 순환 정체</strong></p><p>한의학에서는 담적병의 근본 원인을 <strong>장부 기능의 불균형</strong>과 순환 정체에서 찾습니다.</p><p>특히 소화 기능과 밀접한 <u>비위(脾胃)의 약화</u>, 그리고 스트레스 등으로 인한 <u>간(肝)의 기운 울체</u> 등이 복합적으로 작용하여 담음이 생성되고 쌓인다고 봅니다.</p>\n\n<table>\n<tbody><tr><td colspan=\"1\" rowspan=\"1\">\n<p><span>담적병은 한의학적으로 몇 가지 핵심 원리에 따라 발생합니다. 먼저 소화 흡수를 담당하는 </span><span><u>비위(脾胃) 기능</u></span><span>이 약해지면, 음식물이 몸 안에서 제대로 소화되지 못하고 습하고 탁한 노폐물인 </span><span><u>담음(痰飮)</u></span><span>이 생겨나기 시작합니다. 여기에 과도한 스트레스나 불규칙한 생활이 더해지면 </span><span><u>간의 기운이 울체되는 간기울결(肝氣鬱結) 현상</u></span><span>이 발생하고, 이는 소화기 운동을 더욱 방해하여 담음이 몸속에 쉽게 쌓이도록 만듭니다. 이렇게 생성된 담음이 위장 외벽에 들러붙어 딱딱하게 굳어지면 위장의 운동성을 저해하고 염증을 유발하는데, 이것을 바로 '담적'이라고 부릅니다. 이 담적은 위장에만 머무르지 않고 주변 장기 및 전신으로 퍼져나가 두통, 어지럼증, 불면, 피부 트러블, 만성 통증 등 다양한 전신 증상을 유발하며, 이는 마치 </span><span><u>도미노처럼 몸 전체에 영향을 미치게 됩니다</u></span><span>.</span></p>\n</td></tr></tbody>\n</table>\n\n<p>이처럼 담적병은 단순히 위벽의 문제에 그치지 않고, 우리 몸의 <u>대사 시스템과 해독 기능 전반에 걸친 이상</u>을 반영합니다.</p><p>저는 이러한 <strong>복합적인 원리</strong>를 이해하는 것이 담적병 치료의 첫걸음이라고 생각합니다.</p><p><strong>\"저도 담적병일까요?\" – 한의학적 진단과 치료의 실마리</strong></p><figure class=\"kg-card kg-image-card\"><img src=\"https://barun-static.s3.ap-northeast-2.amazonaws.com/blog/snowhitebambi/2025/10/b9f10ec805da1d608862625c7fd90fec8c819edc09f93d38ee9f588542382c7e.jpg\" class=\"kg-image\" alt=\"\" loading=\"lazy\" style=\"width: 100%; height: auto; border-radius: 12px; margin: 2rem 0;\"></figure><p>그렇다면 자신의 증상이 담적병과 관련이 있는지 어떻게 알 수 있을까요?</p><p>제가 진료실에서 환자분들을 뵐 때는 <strong>문진을 통해 소화기 증상뿐 아니라 전신 증상, 생활 습관, 스트레스 정도 등을 폭넓게 살핍니다.</strong></p><p>더불어 <u>복진(腹診)</u>을 통해 명치나 복부 주변의 압통점, 굳어진 부위 등을 확인하여 담적의 유무와 정도를 파악합니다.</p>\n\n<table>\n<tbody><tr><td colspan=\"1\" rowspan=\"1\">\n<p><span>김민준님(가명, 40대 남성)은 수년째 </span><span><b>명치 통증과 복부 팽만</b></span><span>으로 고생하셨습니다.</span></p><p><span>처음에는 단순히 신경성 위염이라 생각하고 </span><span><b>신경안정제</b></span><span>를 복용하기도 했지만, 증상은 호전되지 않았습니다.</span></p><p><span>복진 시 명치와 우측 복부에 </span><span><b>굳고 단단한 압통</b></span><span>이 확인되었고, 혀의 상태에서도 </span><span><u>백태</u></span><span>가 두껍게 끼어 있었습니다.</span></p><p><span>저는 김민준님의 체질과 증상 패턴을 종합하여 담적병 진단을 내리고, 비위 기능을 강화하고 담음을 제거하는 </span><span><b>한약</b></span><span>을 처방했습니다.</span></p><p><span><b>3개월간</b></span><span> 꾸준히 치료받으신 후 김민준님은 “오랜만에 명치 통증 없이 편안하게 잠들 수 있었고, 식사 후 더부룩함도 거의 사라졌어요. 아침에 속 울렁거림도 없어지니 컨디션이 정말 좋아졌습니다”라고 환하게 웃으며 말씀하셨습니다. 단순히 증상만 나아진 것이 아니라, 담적병이 왜 생겼는지, 어떻게 관리해야 하는지 </span><span><b>스스로 이해하게 되면서 마음의 안정</b></span><span>까지 찾으신 모습이었습니다.</span></p>\n</td></tr></tbody>\n</table>\n\n<figure class=\"kg-card kg-image-card\"><img src=\"https://barun-static.s3.ap-northeast-2.amazonaws.com/blog/snowhitebambi/2025/10/aa064ede175694c525c78d552a4d1063a2f5175d8f9db9f1687705d308f06a1f.jpg\" class=\"kg-image\" alt=\"\" loading=\"lazy\" style=\"width: 100%; height: auto; border-radius: 12px; margin: 2rem 0;\"></figure><p><strong>담적병, 몸의 목소리에 귀 기울이는 회복의 여정</strong></p><p>담적병은 흔히 겪는 소화불량이나 만성 위염과는 다른 관점에서 접근해야 하는 복합적인 문제입니다. 저는 담적병 치료가 단순히 불편한 증상을 억누르는 것이 아니라, <strong>스스로 회복할 수 있는 환경</strong>을 만들어주는 과정이라고 믿습니다. <strong>한약 치료</strong>는 이러한 근본적인 개선을 돕는 중요한 도구가 될 수 있습니다. 하지만 어떤 치료든 그 핵심은 <strong>환자분 스스로가 자신의 몸을 이해하고, 생활 습관 개선을 통해 건강한 삶을 꾸려나가는 의지</strong>에 있습니다. 만약 지금, 당신의 몸이 답답함과 통증으로 외치고 있다면, 그 목소리를 무시하지 마십시오. 제가 아니더라도, 몸 전체를 세심히 살펴주고 당신의 <strong>회복 여정에 진정한 동반자</strong>가 되어줄 의료진을 꼭 만나시길 바랍니다. 우리는 더 이상 혼자 아파하지 않아도 됩니다.</p><figure class=\"kg-card kg-image-card\"></figure>"
      },
      {
        "id": 3306,
        "title": "하체비만 다이어트, 30대 여성을 위한 진짜 해법",
        "content": "<p>하체비만 다이어트, 30대 여성을 위한 진짜 해법</p><p>30대 여성분들이 진료실에 오셔서 가장 많이 하는 말씀 중 하나가 이것입니다.</p><p>\"원장님, 상체는 그럭저럭 괜찮은데 허벅지, 엉덩이, 종아리만 죽어도 안 빠져요.</p><p>안 해본 다이어트가 없는데 왜 이렇게 <strong>하체만 뚱뚱할까요?</strong>\"</p>\n\n<table>\n<tbody><tr><td colspan=\"1\" rowspan=\"1\">\n<p><span>아침엔 얼굴이 물먹은 스펀지 같아요. 허벅지는 딱딱한데 셀룰라이트도 많고요. 조금만 서 있어도 다리가 붓고 저녁엔 바지가 꽉 껴요. 식단도 열심히 하고 운동도 하는데, 하체만 그대로라 너무 스트레스 받아요. 제가 뭘 놓치고 있는 걸까요?</span></p>\n</td></tr></tbody>\n</table>\n\n<p>정말 많은 분들이 하체 비만으로 고민하고 계십니다.</p><p><strong>30대 여성 하체비만, 정말 체지방만의 문제일까요?</strong></p><hr><p><strong>단순히 체지방만의 문제일까요?</strong> 제가 진료실에서 본 바로는 <strong>그렇지 않습니다.</strong></p><p>하체 비만은 <strong>몸의 '환경'</strong>이 만든 <strong>복합적인 결과</strong>입니다.</p><p><strong>수분 대사</strong>, <strong>순환</strong>, <strong>생활 습관</strong>, <strong>스트레스</strong>, 그리고 <strong>호르몬 균형</strong>까지, 이 모든 요소들이 하체에 살이 붙는 원인이 됩니다.</p><p>오늘 저는 20~40대 여성분들이 겪는 하체 비만에 대한 <strong>오해를 풀어드리고</strong>, <strong>한의학적 관점과 현대 대사·행동 과학을 통합하여지속 가능한 하체 살 빼는 법</strong>을 제시해 드리려 합니다.</p><p>오늘 바로 적용할 수 있는 여러분만의 '<strong>지속 가능한 하락 기울기</strong>'를 함께 설계해 봅시다.</p><p><strong>하체 비만, 왜 유독 안 빠질까요? — 몸의 ‘환경’을 읽어야 합니다</strong></p><hr><p>많은 분들이 하체 다이어트를 시도하며 겪는 좌절의 배경에는 <strong>하체 비만에 대한 오해</strong>가 깔려 있습니다.</p><p>하체 비만은 <strong>단순히 허벅지 살이나 종아리 살의 양적인 문제가 아닙니다.</strong></p><p>이는 <strong>몸의 특정 환경에서 비롯된 결과물입니다.</strong></p>\n\n<table>\n<tbody><tr><td colspan=\"1\" rowspan=\"1\">\n<p><span>30대 중반 직장인인 A님은 잦은 야근과 회식, 주말에는 침대에서 벗어나지 못하는 생활을 반복했습니다. 앉아있는 시간이 길고, 저녁에는 매콤하거나 짠 음식을 자주 찾았습니다. 몸무게는 크게 늘지 않았지만, 유독 허벅지와 엉덩이, 종아리 부위의 부종과 셀룰라이트가 심해졌다고 호소했습니다. 매일 헬스장에서 유산소 운동과 하체 근력 운동을 해도 변화가 없어서 좌절감이 컸습니다. 특히 아침에는 다리가 가볍다가도 오후만 되면 코끼리 다리처럼 붓고, 신발이나 양말 자국이 선명하게 남는다고 했습니다.</span></p>\n</td></tr></tbody>\n</table>\n\n<p>A님처럼 <strong>반복되는 하체 고민, 그 원인은 무엇일까요?</strong></p><p>A님의 경우를 한의학적으로 보면 '<u>담음(痰飮)</u>'과 '<u>기혈 순환 저체</u>'가 <strong>두드러지는 패턴</strong>이었습니다.</p><p><u>담음</u>은 몸의 <strong>수분 대사가 원활하지 않아</strong> 노폐물이 쌓이고 정체되는 상태를 말합니다.</p><p>이는 현대적으로 설명하면 <u>림프 순환 정체</u>, <u>조직 내 수분 축적</u>, <u>염증 반응 증가</u> 등으로 이어질 수 있습니다.</p><p><strong>잦은 야식과 스트레스</strong>는 소화 기능인 <u>비위(脾胃) 기능</u>을 약하게 만들고, <strong>기혈 순환을 방해하여</strong> 하체에 불필요한 수분과 지방이 정체되는 <strong>'몸의 환경'</strong>을 만든 것입니다.</p><p><strong>활동량 부족과 짠 음식 섭취</strong>는 이러한 경향을 더욱 심화시킵니다.</p><p><strong>하체 살 빼는 법: 오늘 바로 시작할 수 있는 3가지 교정 포인트</strong></p><hr><p>하체 비만은 <strong>단순히 운동량을 늘리거나 식사량을 줄이는 것만으로는 해결되기 어렵습니다.</strong></p><p><strong>몸의 환경을 바꾸는 총체적인 접근</strong>이 필요합니다.</p><p>다이어트 성공법은 단순히 살을 빼는 것을 넘어 <strong>몸의 균형을 되찾는 과정입니다.</strong></p><p>1. <strong>수분 대사 개선: 염분 관리와 활동량 확보</strong></p><p><strong>짠 음식 섭취를 줄이고</strong>, <strong>하루 2리터 이상의 물</strong>을 마시되, 커피나 탄산음료 대신 <strong>따뜻한 차</strong>를 마시는 것이 좋습니다.</p><p>특히 앉아있는 시간이 길다면 <strong>30분마다 일어나 가볍게 스트레칭</strong>을 하거나 <strong>5분간 걷는 습관</strong>을 들여보세요.</p><p><u>림프 순환</u>을 돕고 <strong>하체 부종을 완화하는 데 큰 도움이 됩니다.</strong></p><p>2. <strong>스트레스 관리와 충분한 수면</strong></p><p>스트레스는 <u>자율신경계</u>와 <u>호르몬 균형</u>에 영향을 미쳐 <strong>수분 정체와 식욕 증가</strong>를 유발합니다.</p><p><strong>규칙적인 수면 습관(하루 7~8시간)</strong>과 <strong>나만의 스트레스 해소법</strong>(명상, 가벼운 산책 등)을 찾아 <strong>몸의 회복력을 높여주세요.</strong></p><p>3. <strong>하체 순환을 돕는 이완 운동</strong></p><p><strong>과도한 하체 근력 운동보다요가, 필라테스, 스트레칭</strong> 등 <strong>하체 근육을 이완하고 순환을 돕는 운동</strong>을 병행하는 것이 효과적입니다.</p><p>특히 저녁에는 <strong>따뜻한 물에 족욕</strong>을 하거나 <strong>다리를 심장보다 높게 올리고 휴식</strong>하는 것도 좋은 방법입니다.</p><p><strong>여러분의 하체가 진정으로 원하는 변화를 만들기를 바라며</strong></p><hr><p><strong>하체는 우리 몸의 뿌리와 같습니다.</strong></p><p>뿌리가 튼튼해야 나무가 건강하게 자라듯, <strong>하체의 순환과 균형은 몸 전체의 건강을 좌우합니다.</strong></p><p><strong>조급함 대신 꾸준함으로</strong>, 여러분의 하체가 <strong>진정으로 원하는 변화를 만들어가는 여정</strong>에 함께하겠습니다.</p><p>제가 아니더라도, <strong>몸 전체를 세심히 살펴주는 의료진을 만나십시오</strong>.</p><p>지속 가능한 여성 하체 다이어트의 길은 여러분의 <strong>몸을 이해하는 것에서 시작됩니다</strong>.</p><figure class=\"kg-card kg-image-card\"></figure>"
      },
      {
        "id": 3314,
        "title": "과민성대장증후군 차, 도움이 될까요?",
        "content": "<p>과민성대장증후군으로 고생하시는 분들이 많습니다. 혹시 아침마다 혹은 중요한 약속 전에 갑자기 배가 불편해져 발걸음을 멈춘 적은 없으신가요?</p>\n\n<table>\n<tbody><tr><td colspan=\"1\" rowspan=\"1\">\n<p><span>\"정말이지, 배가 수시로 뒤틀리는 것 같아요. 화장실을 가도 시원하지 않고, 가스는 계속 차서 바지 허리도 답답해요. 도대체 뭘 먹어야 괜찮을까요?\"</span></p><p><span>저는 진료실에서 이런 과민성대장증후군으로 힘들어하시는 환자분들의 목소리를 자주 듣습니다.</span></p>\n</td></tr></tbody>\n</table>\n\n<p><strong>과민성대장증후군, 당신만의 이야기가 아닙니다</strong></p><hr><p>이처럼 <strong>과민성대장증후군</strong>(IBS)은 우리 삶의 질을 크게 떨어뜨리는 흔한 <u>기능성 위장 장애</u>입니다. 특히 20~40대 젊은 직장인들 사이에서 <u>유병률이 높게</u> 나타나며, <strong>스트레스와 불규칙한 생활 습관</strong>이 주요 원인으로 지목되곤 합니다. 잦은 복통, 설사, 때로는 변비, 그리고 끊이지 않는 가스는 일상생활을 불편하게 만들고, 사회 활동에도 제약을 줍니다. 이러한 고통 속에서 많은 분들이 자연스럽게 찾게 되는 것이 바로 <strong>허브차</strong>입니다. 따뜻한 한 잔의 차가 단순히 몸을 데우는 것을 넘어, <u>지친 장을 달래고 마음의 안정을 가져다줄 수 있을까</u> 하는 기대감을 가집니다.</p>\n\n<table>\n<tbody><tr><td colspan=\"1\" rowspan=\"1\">\n<p><span>30대 직장인 지훈(가명)님은 중요한 회의나 발표를 앞두고 장트러블이 심해지는 전형적인 </span><span><u>과민성대장증후군 환자</u></span><span>였습니다. 아침 식사 후 출근길 지하철에서 갑자기 복통과 설사가 몰려와 식은땀을 흘린 적이 한두 번이 아니라고 했습니다. 병원에서 검사를 받아도 특별한 이상은 없다는 말에 더욱 답답함을 느꼈습니다. 그러다 제가 권해드린 따뜻한 </span><span><b>캐모마일</b></span><span> 차를 꾸준히 마시기 시작하면서, 긴장감이 완화되고 밤에 잠도 좀 더 편안하게 잘 수 있었다고 고백했습니다. 물론 증상이 완전히 사라진 것은 아니지만, </span><span><b>차를 마시는 시간 자체가 자신을 돌보는 의식</b></span><span>이 되어 심리적인 안정감을 찾고 증상 완화에도 도움을 받았다고 했습니다.</span></p>\n</td></tr></tbody>\n</table>\n\n<p><strong>왜 허브차는 장을 편안하게 할까요?</strong></p><hr><figure class=\"kg-card kg-image-card\"><img src=\"https://barun-static.s3.ap-northeast-2.amazonaws.com/blog/snowhitebambi/2025/10/7629e1acca7825dbedf111d71c29eb6fcba9564b9a3f257db244acac28c83d6b.jpg\" class=\"kg-image\" alt=\"\" loading=\"lazy\" style=\"width: 100%; height: auto; border-radius: 12px; margin: 2rem 0;\"></figure><p>왜 어떤 차는 지훈(가명)님처럼 <strong>과민성대장증후군</strong>으로 힘들어하는 분들에게 도움이 될 수 있을까요. 우리의 장은 <u>생각보다 훨씬 더 민감한 기관</u>입니다. 스트레스나 불규칙한 식습관, 특정 음식 성분에 의해 <u>장 민감성이 높아지고</u>, 장의 운동 기능에 이상이 생기면서 복통, 가스, 설사 또는 변비 같은 증상들이 나타나는 것입니다. 특정 <strong>허브차</strong>에 포함된 <u>식물성 화합물</u>은 이러한 민감해진 장을 진정시키고, 염증 반응을 줄이며, 소화액 분비를 돕는 등의 작용을 통해 <strong>소화 기능 개선</strong>에 기여할 수 있습니다. 특히 <u>따뜻한 온도</u>는 장의 혈액순환을 돕고 경련을 완화하는 데 효과적입니다.</p>\n\n<table>\n<tbody><tr><td colspan=\"1\" rowspan=\"1\">\n<p><span>장 건강을 돕는 허브차의 핵심 원리를 설명해 드립니다. 먼저 </span><span><b>페퍼민트</b></span><span> 차는 주성분인 </span><span><u>멘톨</u></span><span>을 통해 </span><span><u>장 근육의 경련을 완화</u></span><span>하고 통증을 줄이며, 가스 배출을 돕는다고 알려져 있습니다. 연구에 따르면 </span><span><b>페퍼민트 오일</b></span><span>은 </span><span><u>과민성대장증후군 증상 완화에 효과적</u></span><span>인 것으로 알려져 있습니다. 다음으로 </span><span><b>생강차</b></span><span>는 </span><span><u>따뜻한 성질</u></span><span>을 지녀 위장 운동을 촉진하고 메스꺼움을 가라앉히는 데 도움을 줍니다. 또한 </span><span><u>항염증 효과</u></span><span>가 있어 장의 염증 반응을 줄이는 데 기여할 수 있습니다. 마지막으로 </span><span><b>캐모마일</b></span><span> 차는 </span><span><u>뛰어난 진정 작용</u></span><span>으로 신경계를 안정시키고 스트레스를 완화하는 데 효과적입니다. 이는 </span><span><u>스트레스로 인해 악화되는 과민성대장증후군 증상</u></span><span>을 관리하는 데 특히 유용할 수 있습니다.</span></p>\n</td></tr></tbody>\n</table>\n\n<p><strong>나에게 맞는 차를 찾는 여정</strong></p><hr><figure class=\"kg-card kg-image-card\"><img src=\"https://barun-static.s3.ap-northeast-2.amazonaws.com/blog/snowhitebambi/2025/10/a908f375c84a57ff5f24f78595f003cebb35ed11e110dee610dad6e0cb4972cf.jpg\" class=\"kg-image\" alt=\"\" loading=\"lazy\" style=\"width: 100%; height: auto; border-radius: 12px; margin: 2rem 0;\"></figure><p>하지만 모든 사람이 똑같은 차에서 똑같은 효과를 보는 것은 아닙니다. 각자의 <strong>체질과 주로 나타나는 증상</strong>에 따라 맞는 차가 다를 수 있습니다. 예를 들어, 소화 불량과 차가운 배를 호소하는 분들에게는 <strong>생강차</strong>가 더 효과적일 수 있고, 신경이 예민하고 불안감이 동반되는 분들에게는 <strong>캐모마일</strong> 차가 더 도움이 될 수 있습니다. 저는 항상 환자분들에게 어떤 차든 <strong>소량으로 시작해서 자신의 몸이 어떻게 반응하는지 주의 깊게 살펴보라</strong>고 말씀드립니다.</p>\n\n<table>\n<tbody><tr><td colspan=\"1\" rowspan=\"1\">\n<p><span><b>허브차 섭취 시 주의사항</b></span><span>을 알려드립니다. 허브차는 자연 유래 성분이지만, 과다 섭취하거나 특정 질환이 있는 경우 </span><span><b>부작용을 유발할 수 있습니다.</b></span><span> 예를 들어, </span><span><b>페퍼민트</b></span><span> 차는 </span><span><u>위식도 역류 질환</u></span><span>이 있는 경우 증상을 악화시킬 수 있으며, </span><span><b>생강차</b></span><span>는 </span><span><u>혈액 응고에 영향을 줄 수 있어</u></span><span><b>항응고제를 복용하는 분들</b></span><span>은 주의해야 합니다. </span><span><b>캐모마일</b></span><span> 역시 </span><span><u>국화과 알레르기</u></span><span>가 있는 분들에게는 피해야 할 차입니다. 또한, 차는 과민성대장증후군 증상 완화를 돕는 보조적인 관리 방법일 뿐, </span><span><b>근본적인 치료법은 아닐 수 있습니다.</b></span><span> 만약 증상이 심하거나 장기간 지속된다면 </span><span><b>반드시 의료 전문가와 상담하여 정확한 진단과 치료를 받는 것이 중요합니다</b></span><span>.</span></p>\n</td></tr></tbody>\n</table>\n\n\n\n<table>\n<tbody><tr><td colspan=\"1\" rowspan=\"1\">\n<p><span>차와 함께하는 장 건강 관리 팁을 드립니다. 따뜻한 차 섭취 외에도 </span><span><u>장 건강을 위한 생활 습관 개선</u></span><span>은 필수적입니다. </span><span><b>충분한 수면, 규칙적인 운동, 스트레스 관리 기법</b></span><span> (명상, 요가 등), 그리고 </span><span><u>저FODMAP 식단</u></span><span>과 같은 개별 맞춤 식단 조절이 복합적으로 이루어질 때 과민성대장증후군 증상 관리에 더욱 큰 효과를 볼 수 있습니다. 제가 아니더라도 </span><span><b>몸 전체를 세심히 살펴주는 의료진과 함께 자신만의 회복 계획을 세우는 것이 중요합니다</b></span><span>.</span></p>\n</td></tr></tbody>\n</table>\n\n<p><strong>회복을 위한 지속적인 동행</strong></p><hr><figure class=\"kg-card kg-image-card\"><img src=\"https://barun-static.s3.ap-northeast-2.amazonaws.com/blog/snowhitebambi/2025/10/8f938d88462b5f4c58a5ac1a213145e19de70c7f38ebed4bf811c62a0a8bf9c0.jpg\" class=\"kg-image\" alt=\"\" loading=\"lazy\" style=\"width: 100%; height: auto; border-radius: 12px; margin: 2rem 0;\"></figure><p>솔직히 말씀드리면, 과민성대장증후군은 <strong>한두 가지 방법으로 단번에 해결되는 쉬운 문제가 아닙니다.</strong> 하지만 저는 이 질환을 겪는 많은 분들이 자신에게 맞는 작은 변화를 통해, 예를 들면 <u>따뜻한 차 한 잔을 마시는 습관</u>을 통해, 매일의 고통 속에서 <u>작은 위안과 희망을 찾아가기를 진심으로 바랍니다</u>. 장은 우리 몸의 <u>'두 번째 뇌'</u>라고 불릴 만큼 <strong>감정과 깊이 연결</strong>되어 있습니다. 그러니 부디 지치지 마시고, 당신의 장에 귀 기울이며 인내심을 가지고 <strong>당신만의 회복의 길을 찾아나가십시오</strong>. 이 글이 그 여정에 <u>작은 등불이 되기를 소망합니다</u>.</p><figure class=\"kg-card kg-image-card\"></figure>"
      },
      {
        "id": 3318,
        "title": "20대 손 다한증 왜 생기는 걸까요? | 인천 다한증",
        "content": "<p><strong>손 다한증, 혼자만의 고민이 아닙니다.</strong></p><p>제가 진료실에서 뵙는 많은 분들 중에는 유독 `<strong>손 다한증</strong>`으로 힘들어하는 20대 초반 여성분들이 적지 않습니다.</p><p>그분들의 고민을 듣다 보면, 단순히 땀이 많이 나는 것을 넘어 일상생활의 작은 순간들조차 커다란 장애물처럼 느껴지는 고통에 깊이 공감하게 됩니다.</p><p>\"혹시 제가 정말 이상한가요?\" \"왜 저만 이렇게 손에 땀이 나는 걸까요?\" \"손 때문에 악수도, 손잡는 것도, 심지어는 시험 볼 때 종이가 젖는 것도 너무 신경 쓰여요.\" \"사람들이 제 손을 보고 불쾌해할까 봐 두렵고, 그래서 자꾸만 움츠러들게 돼요.\" \"이게 제 성격까지 소극적으로 만드는 것 같아요.\"</p><p>이런 고민들을 마주할 때마다 저는 마음이 아픕니다. 그저 '땀 좀 나는 것'으로 치부될 수 없는, 한 사람의 자신감과 사회생활, 대인관계 전반을 흔드는 <strong>심리적 스트레스</strong>의 무게를 저는 너무나 잘 압니다.</p><p><strong>손 다한증, 왜 생기는 걸까요?</strong></p><figure class=\"kg-card kg-image-card\"><img src=\"https://barun-static.s3.ap-northeast-2.amazonaws.com/blog/snowhitebambi/2025/10/e41e7310a3336ba81725ff0954d27c134759ea5db751247741a00eaec6802075.jpg\" class=\"kg-image\" alt=\"\" loading=\"lazy\" style=\"width: 100%; height: auto; border-radius: 12px; margin: 2rem 0;\"></figure><p>손 다한증은 의학적으로는 `<u>특별한 원인 없이 과도하게 땀이 분비되는 상태</u>`를 말합니다.</p><p>우리 몸의 `<u>자율신경계</u>`가 땀샘을 조절하는데, 이 균형이 깨지면서 땀이 과도하게 나는 것이지요.</p><p>`<u>마치 자동차의 액셀러레이터가 너무 민감하게 반응하여 운전자의 의지와 상관없이 속도가 붙는 것과 같습니다.</u>`</p><p>이러한 <strong>땀</strong> 분비는 특히 감정적 스트레스나 긴장 상황에서 더욱 심해지는 경향을 보입니다.</p><p>그래서 중요한 발표를 앞두고 있거나, 새로운 사람과 만나 악수를 해야 할 때, 혹은 연인과 손을 잡는 순간조차도 그분들에게는 엄청난 <strong>심리적 스트레스</strong>로 다가오는 것입니다.</p><p><strong>흔한 오해들: '그냥 땀이 많아서'일까요?</strong></p><p>많은 분들이 인터넷에서 정보를 찾아보거나, 주변의 이야기를 듣고 섣부른 판단을 내리는 경우가 많습니다.</p><p>때로는 <strong>수술</strong>이나 <strong>보톡스</strong> 시술과 같은 극단적인 방법을 먼저 고려하기도 합니다.</p><p>하지만 제가 임상에서 경험한 바에 따르면, 손 다한증은 단순히 땀만 줄이는 것을 넘어 몸 전체의 균형과 마음의 안정까지 함께 돌봐야 하는 문제였습니다.</p><p>흔히 다한증을 '그냥 땀이 많아서' 생기는 문제라고 생각하기 쉽습니다. 그래서 '데오드란트를 바르거나' '자주 닦아주면 된다'는 식으로 가볍게 생각하는 경우가 많습니다.</p><p>하지만 다한증은 단순히 표면적인 위생 문제가 아닙니다. 몸 내부의 `<u>자율신경계 불균형</u>`이 주된 원인이며, 이 문제는 겉으로 보이는 증상만을 억제한다고 해서 근본적으로 해결되지 않습니다.</p><p>특히 일부에서는 '무조건 수술해야 완치된다'는 오해도 있는데, 수술은 `<u>교감신경을 절단하는 비가역적인 방법</u>`이며, `<u>보상성 다한증</u>`과 같은 부작용의 위험도 분명히 존재합니다. 따라서 무조건적인 해결책이라기보다는, 신중하게 고려해야 할 선택지 중 하나로 봐야 합니다.</p><figure class=\"kg-card kg-image-card\"><img src=\"https://barun-static.s3.ap-northeast-2.amazonaws.com/blog/snowhitebambi/2025/10/e4057131d4c923095d69d4f85108aa055f5169f0d553432cb56724c086d6229f.jpg\" class=\"kg-image\" alt=\"\" loading=\"lazy\" style=\"width: 100%; height: auto; border-radius: 12px; margin: 2rem 0;\"></figure><p><strong>제 임상에서의 치료 원칙</strong></p><p>제가 추구하는 <strong>치료</strong>는 환자 개개인의 몸 상태를 면밀히 살피는 것에서 시작합니다.</p><p>환자분들은 종종 \"저는 열이 많아서 땀이 나요\", \"저는 심장이 약해서 그런가 봐요\"와 같은 <strong>환자의 목소리</strong>를 들려주십니다.</p><p>이러한 감각적 표현 하나하나가 저에게는 중요한 <strong>단서</strong>가 됩니다.</p><p>맥을 짚고, 혀를 보고, 복진을 하는 등 전통적인 한의학 진단 방식에 더해, <strong>일상생활</strong> 패턴과 <strong>사회생활</strong> 속에서의 <strong>대인관계</strong> 스트레스 정도까지 종합적으로 파악합니다.</p><p>어떤 분은 스트레스가 심할 때 땀이 더 나고, 어떤 분은 소화 기능이 약할 때 손이 축축해지는 경향을 보이기도 합니다.</p><p>이처럼 환자 개개인의 독특한 <strong>패턴</strong>을 읽어내는 것이 중요합니다.</p><p>저의 역할은 이러한 단서들을 모아 퍼즐을 맞추듯 다한증의 <strong>원리</strong>를 해석하고, 그에 맞는 <strong>가설</strong>을 세워 <strong>검증</strong>하는 것입니다.</p><figure class=\"kg-card kg-image-card\"><img src=\"https://barun-static.s3.ap-northeast-2.amazonaws.com/blog/snowhitebambi/2025/10/3199050b961daa694fbe2b5d0261e2aa9f83e50030be20e4f551e276ce74418c.jpg\" class=\"kg-image\" alt=\"\" loading=\"lazy\" style=\"width: 100%; height: auto; border-radius: 12px; margin: 2rem 0;\"></figure><p><strong>자주 묻는 질문 (Q&amp;A)</strong></p><p>그렇다면 실제로 어떻게 <strong>관리</strong>하고 <strong>치료</strong>할 수 있을까요?</p><p><strong>Q1: 꼭 수술이나 보톡스 주사를 맞아야만 나을 수 있나요?</strong></p><p>A: 아닙니다. 수술이나 `<strong>보톡스</strong>`는 효과적인 방법일 수 있지만, 부작용과 한계가 분명히 존재합니다. 교감신경 절단술 후에는 손 이외의 다른 부위에서 땀이 더 많이 나는 '`<u>보상성 다한증</u>'이 나타나기도 하고, 보톡스는 주기적으로 맞아야 하는 번거로움이 있습니다. 저는 이러한 일시적 억제보다는 몸의 균형을 되찾아 스스로 땀을 조절할 수 있는 힘을 길러주는 것을 목표로 합니다.</p><p><strong>Q2: 한약으로 다한증이 정말 나을 수 있나요?</strong></p><p>A: `<strong>한약</strong>` 치료는 몸의 `<u>자율신경계 균형</u>`을 맞추고, 스트레스 반응을 조절하며, 위장 기능 등 내부 장기의 불균형을 개선하여 땀 분비를 조절하는 데 도움을 줍니다. 이는 단순히 땀을 억제하는 것을 넘어, 환자분이 전반적으로 더 편안하고 건강한 상태를 되찾도록 돕는 과정입니다. 연구에 따르면 `<strong>전통 한방 약초(CHM)</strong>`는 불임 치료에 있어 서양 의학적 방법과 비교하여 `<u>임신율을 높일 수 있는 것</u>`으로 나타났습니다. 이 연구는 다한증에 대한 직접적인 비교 연구는 아니지만, `<u>한약이 몸의 전반적인 기능을 조절하고 균형을 회복하는 데 효과적일 수 있음</u>`을 보여주는 사례로 참고할 수 있습니다.</p><p><strong>Q3: 일상생활에서 제가 직접 해볼 수 있는 </strong>자가관리<strong> 방법은 없나요?</strong></p><p>A: 물론입니다. 손 다한증은 스트레스와 밀접한 관련이 깊으므로, 마음을 안정시키는 것이 중요합니다. 규칙적인 명상, 심호흡, 요가와 같은 `<u>이완 운동</u>`은 자율신경계의 균형을 맞추는 데 도움이 됩니다. 또한, 카페인이나 매운 음식처럼 땀샘을 자극할 수 있는 음식은 줄이고, 충분한 수면을 취하는 것이 좋습니다. 천연 섬유 소재의 장갑을 사용하거나, 흡수성이 좋은 손수건을 휴대하는 것도 실질적인 <strong>일상생활</strong>의 불편함을 줄이는 데 도움이 될 수 있습니다.</p><figure class=\"kg-card kg-image-card\"><img src=\"https://barun-static.s3.ap-northeast-2.amazonaws.com/blog/snowhitebambi/2025/10/3199050b961daa694fbe2b5d0261e2aa9f83e50030be20e4f551e276ce74418c.jpg\" class=\"kg-image\" alt=\"\" loading=\"lazy\" style=\"width: 100%; height: auto; border-radius: 12px; margin: 2rem 0;\"></figure><p><strong>B님의 이야기: 땀이 마르니 자신감이 피어나다</strong></p><p>제가 진료했던 20대 초반의 한 여성분, B님의 이야기가 떠오릅니다.</p><p>B님은 면접을 앞두고 손 다한증 때문에 밤잠을 설치고 있었습니다.</p><p>\"면접관과 악수하는 상상만 해도 손에서 땀이 비 오듯 쏟아져요.\" \"펜을 쥐는 손도 축축해서 필기가 잘 안 될까 봐 걱정이에요.\" 라고 말씀하시더군요.</p><p>저는 B님의 <strong>환자의 목소리</strong>를 경청하고, 면접 상황에서의 <strong>감각적 표현</strong>을 주의 깊게 들었습니다.</p><p>맥을 보니 긴장으로 인해 심장 박동이 불규칙하고, 소화 기능도 약해져 있었습니다.</p><p>이런 복합적인 <strong>단서</strong>들을 바탕으로, 심장과 위장의 기능을 안정시키고 스트레스 반응을 조절하는 `<strong>한약</strong>`을 처방하고, 명상과 심호흡 같은 <strong>자가관리</strong>법을 함께 알려드렸습니다.</p><p>한 달 후, B님은 제게 환한 얼굴로 면접에 합격했다는 소식을 전해주었습니다.</p><p>\"원장님 덕분에 면접장에서 손에 땀 한 방울 안 흘렸어요.\" \"무엇보다 제 손에 더 이상 신경 쓰지 않게 되니 자신감이 생겼어요.\" 이 말은 저에게 큰 보람이었습니다.</p><p>B님은 더 이상 <strong>대인관계</strong>나 <strong>사회생활</strong>에서 <strong>심리적 스트레스</strong>를 느끼지 않게 되었고, 이전보다 훨씬 적극적으로 <strong>일상생활</strong>을 즐기게 되었습니다.</p><p><strong>당신의 손은 더 이상 걸림돌이 아닙니다</strong></p><p>손 다한증은 단순히 땀이 많이 나는 신체적 증상을 넘어, 여러분의 마음과 삶에 그림자를 드리울 수 있는 문제입니다.</p><p>하지만 그 그림자는 충분히 걷어낼 수 있습니다.</p><p>중요한 것은 증상 자체에 매몰되기보다, 내 몸의 소리에 귀 기울이고, 왜 이런 <strong>패턴</strong>의 땀이 나는지 <strong>원리</strong>를 이해하려는 노력입니다.</p><p>그리고 그 과정에서 여러분의 이야기를 진심으로 들어주고, 함께 해결책을 찾아나갈 동반자를 만나는 것입니다.</p><p>저는 여러분이 이 글을 통해 \"나만 이런 고통을 겪는 게 아니구나\" 하는 위안을 얻고, 동시에 \"나도 변화할 수 있겠구나\" 하는 작은 희망을 발견하기를 바랍니다.</p><p>스스로의 몸과 마음에 관심을 기울이고, 적극적으로 나에게 맞는 `<strong>치료와 관리</strong>` 방법을 찾아 나선다면, 분명 `<strong>축축했던 손바닥만큼이나 답답했던 마음도 다시 보송보송하게 마를 수 있을 것</strong>`입니다.</p><p>여러분의 손이 더 이상 걸림돌이 아닌, `<strong>당당하게 세상과 마주할 수 있는 연결고리</strong>`가 되기를 진심으로 응원합니다.</p><figure class=\"kg-card kg-image-card\"></figure>"
      },
      {
        "id": 3323,
        "title": "소아비만 기준, 우리 아이도 해당될까요? 부모님의 불안감에 공감하며",
        "content": "<p><strong>소아비만, 우리 아이도 해당될까요? 부모님의 불안감에 공감하며</strong></p><hr><p>우리 아이, <strong>소아비만 기준</strong>에 들까? 부모님의 불안감을 함께 풀어봅니다. “원장님, 우리 아이가 또래보다 키도 크고 덩치도 있는 편인데… 혹시 소아비만일까요? 어린이집 친구들보다 배가 좀 더 나와 보여서 걱정이에요.” 제가 진료실에서 가장 자주 듣는 이야기 중 하나입니다. 많은 부모님이 자녀의 체중에 대해 <strong>막연한 불안감</strong>을 안고 오십니다. 그 불안감은 정확한 <strong>소아비만 기준</strong>을 잘 모르시거나, 알더라도 <strong>어떻게 대처해야 할지 막막해서</strong> 생기는 경우가 많습니다.</p>\n\n<table>\n<tbody><tr><td colspan=\"1\" rowspan=\"1\">\n<p><span>한 번은 일곱 살 재희(가명) 어머니께서 오셔서 “아이가 아침에 일어나면 얼굴이 `</span><span><u>물먹은 스펀지</u></span><span>` 같고, 조금만 뛰어도 금세 지쳐해요. 혹시 이게 다 비만 때문일까요?”라고 물으셨습니다. 저는 어머니의 걱정에 깊이 공감하며, 아이의 몸이 보내는 </span><span><b>신호들을 함께 살펴보는 것</b></span><span>이 중요하다고 설명드렸습니다.</span></p>\n</td></tr></tbody>\n</table>\n\n<p>아이의 체중은 단순히 체중계 숫자만으로 판단할 문제가 아닙니다. 성장기 어린이 비만은 성인 비만과는 <strong>다른 관점으로 접근</strong>해야 합니다.</p><p><strong>소아비만 기준, 숫자 너머의 ‘몸의 환경’을 읽다</strong></p><hr><p>`<strong>소아비만 기준</strong>`, 숫자로만 볼까요? 한의학적 맥락과 함께 해석합니다. 소아비만 기준은 주로 연령과 성별에 따른 `<u>체질량지수(BMI) 백분위수</u>`를 활용합니다. 만 2세 이상 소아청소년의 경우, BMI가 `<strong>85~95 백분위수</strong>` 사이면 `<u>과체중</u>`, `<strong>95 백분위수</strong>` 이상이면 `<u>비만</u>`으로 정의합니다. 이 숫자는 우리 아이의 현재 상태를 <strong>객관적으로 파악하는 중요한 지표</strong>가 됩니다. 하지만 저는 이 숫자 뒤에 숨겨진 아이의 `<strong>‘몸의 환경’</strong>`을 더 깊이 들여다보려고 합니다.</p>\n\n<table>\n<tbody><tr><td colspan=\"1\" rowspan=\"1\">\n<p><span>저는 아이의 체중 변화를 단순히 칼로리 섭취량만의 문제로 보지 않고, 한의학적으로 `</span><span><b>‘담음’과 ‘비위 기능’</b></span><span>`이라는 관점에서 해석합니다. ‘담음’은 우리 몸의 불필요한 수분이나 노폐물이 마치 `</span><span><u>욕조의 배수구가 막혀 물이 잘 빠지지 않는 것처럼</u></span><span>` 정체되어 발생하는 상태를 의미합니다. 우리 몸의 약 `</span><span><b>70%</b></span><span>`가 수분으로 이루어져 있는데, 이 중 불필요한 잉여분이 몸에 머물면서 아침 부기, 몸이 무겁다고 느끼는 증상, 특정 맛(짠맛, 단맛)에 대한 강한 선호 등으로 나타날 수 있습니다. 현대적으로는 `</span><span><u>BIA(생체 전기 저항 분석) 검사</u></span><span>` 상 `</span><span><u>체수분 변동성</u></span><span>`이 크거나, `</span><span><u>염분 섭취량</u></span><span>`이 높은 경향과 연결될 수 있습니다. `</span><span><u>‘비위 기능’</u></span><span>`은 소화 흡수 및 대사 전반을 주관하는 장부로, `</span><span><u>비위 기능</u></span><span>`이 약하면 영양분을 효율적으로 활용하지 못하고 노폐물을 쌓기 쉽게 됩니다. 이는 `</span><span><u>식욕 신호의 불균형</u></span><span>`, `</span><span><u>만성 피로</u></span><span>`, `</span><span><u>소화 불량</u></span><span>` 등으로 이어지곤 합니다.</span></p>\n</td></tr></tbody>\n</table>\n\n<p>이런 한의학적 관점은 현대 의학적 지표를 보완하여 우리 아이의 체중 문제에 대한 <strong>더욱 입체적인 이해</strong>를 돕습니다. 예를 들어, 같은 `<u>BMI 95 백분위수</u>` 아이라도, 단순히 많이 먹어서 살이 찐 경우와 몸이 자주 붓고 무기력하며 소화가 약해 `<u>담음</u>`이 쌓인 경우는 <strong>접근 방식이 달라져야</strong> 합니다.</p>\n\n<table>\n<tbody><tr><td colspan=\"1\" rowspan=\"1\">\n<p><span>소아비만은 단순히 외모의 문제가 아니라, `</span><span><u>성조숙증</u></span><span>`, `</span><span><u>고혈압</u></span><span>`, `</span><span><u>당뇨</u></span><span>`와 같은 `</span><span><u>대사성 질환</u></span><span>`은 물론 `</span><span><u>성장 방해</u></span><span>`, `</span><span><u>학습 저하</u></span><span>`, `</span><span><u>심리적 위축</u></span><span>`까지 초래할 수 있는 </span><span><b>중요한 건강 문제</b></span><span>입니다. 따라서 아이 `</span><span><b>체중 관리</b></span><span>`는 성장의 </span><span><b>중요한 전환점</b></span><span>이 될 수 있습니다.</span></p>\n</td></tr></tbody>\n</table>\n\n<p><strong>지속 가능한 소아비만 관리, 작은 변화부터 시작하는 지혜</strong></p><hr><p>우리 아이에게 맞는 ‘지속 가능한’ 관리, 어떻게 시작할까요? 가장 중요한 것은 `<strong>‘지속 가능성’</strong>`입니다. 아이가 스트레스 받지 않고, 온 가족이 함께 참여할 수 있는 변화여야 합니다. 조급하게 목표를 세우기보다는, 아이의 성장 속도에 맞춰 <strong>작은 습관들을 교정</strong>해 나가는 것이 현명합니다.</p>\n\n<table>\n<tbody><tr><td colspan=\"1\" rowspan=\"1\">\n<p><span>열 살 민준(가명)이는 `</span><span><u>BMI</u></span><span>`가 `</span><span><b>96 백분위수</b></span><span>`로 `</span><span><u>비만 기준</u></span><span>`에 해당했습니다. 민준이의 식사 일지를 보니, 탄수화물 위주의 간식과 잦은 외식이 문제였습니다. 특히 저녁 식사 후 늦게까지 게임을 하며 야식을 먹는 습관이 있었습니다. 저는 민준이의 경우, `</span><span><b>담음이 쌓이기 쉬운 체질</b></span><span>`임을 확인하고, 다음과 같이 교정 포인트를 잡았습니다. 첫째, </span><span><b>규칙적인 식사 시간</b></span><span>을 지켜 식사 간격을 일정하게 유지하며 `</span><span><u>비위 부담</u></span><span>`을 줄였습니다. 둘째, 간식으로 과일 대신 삶은 달걀, 두부볼 등 `</span><span><u>단백질</u></span><span>`을 보충하고 식사 시 `</span><span><u>채소 반찬</u></span><span>`을 먼저 섭취하도록 했습니다. 셋째, 저녁 식사 후 `</span><span><b>최소 3시간</b></span><span>` 이내에는 아무것도 먹지 않도록 </span><span><b>가족 모두가 야식 금지를 함께 실천</b></span><span>했습니다. `</span><span><b>3개월</b></span><span>` 후, 민준이는 `</span><span><u>BMI</u></span><span>` `</span><span><b>90 백분위수</b></span><span>`로 내려왔고, 가장 큰 변화는 아침에 개운하게 일어나고 활동량이 늘었다는 점입니다. 무엇보다 어머니께서 “아이가 예전보다 짜증도 덜 내고 표정이 훨씬 밝아졌어요”라고 말씀해주셨습니다.</span></p>\n</td></tr></tbody>\n</table>\n\n<p>이렇게 아이의 체질과 생활 습관을 면밀히 관찰하고, 그에 맞는 <strong>작은 변화부터 시작하는 것</strong>이 핵심입니다. <strong>절대 아이 혼자서 감당하게 해서는 안 됩니다.</strong></p><p><strong>성장기 아이, 단기 감량은 위험합니다: 전문가와 함께</strong></p><hr>\n\n<table>\n<tbody><tr><td colspan=\"1\" rowspan=\"1\">\n<p><span><b>단기간에 체중을 확 줄이려는 무리한 다이어트</b></span><span>는 아이의 성장과 발달에 `</span><span><b>치명적인 영향</b></span><span>`을 줄 수 있습니다. 특히 성장기에는 `</span><span><u>근육량</u></span><span>`이 충분히 확보되어야 건강한 대사가 이루어지는데, `</span><span><u>칼로리 제한</u></span><span>`만 하는 다이어트는 `</span><span><u>근손실</u></span><span>`을 유발하고 `</span><span><u>요요 현상</u></span><span>`을 부추길 가능성이 높습니다. </span><span><b>검증되지 않은 민간요법이나 극단적인 식단은 절대 피하고</b></span><span>, 반드시 소아 청소년 체중 관리에 대한 </span><span><b>전문적인 지식을 가진 의료진</b></span><span>과 상담하여 아이에게 맞는 계획을 세우는 것이 중요합니다.</span></p>\n</td></tr></tbody>\n</table>\n\n<p><strong>조급함 대신 균형을, 아이와 함께 걷는 건강한 성장 길</strong></p><hr><p>자녀의 건강한 성장을 위한 동행, 조급함 대신 `<strong>균형을 찾으세요</strong>`. `<strong>소아비만</strong>`은 숫자로 시작하지만, 결국 아이의 <strong>전반적인 건강과 행복</strong>을 살피는 과정입니다. 초보 부모님들께서 느끼시는 <strong>막연한 불안감</strong>은 충분히 이해합니다. 하지만 저는 이 불안감이 자녀의 몸을 <strong>세심하게 들여다보는 좋은 계기</strong>가 될 수 있다고 생각합니다. 정확한 정보와 전문가의 도움을 바탕으로, 우리 아이의 `<strong>‘몸의 환경’을 건강하게 가꾸어 나간다면</strong>`, 아이는 물론 온 가족의 삶의 질이 향상될 것입니다. `<strong>조급한 마음 대신, 아이의 속도에 맞춰 묵묵히 동행</strong>`하는 지혜가 필요합니다. `<strong>제가 아니더라도, 몸 전체를 세심히 살펴주는 의료진</strong>`을 만나십시오. 그들이 자녀의 건강한 성장을 위한 든든한 조력자가 되어줄 것입니다.</p><figure class=\"kg-card kg-image-card\"></figure>"
      },
      {
        "id": 3349,
        "title": "‘음-음’ 소리를 내고 수업에 집중 못하는 아이 | 인천 음성틱",
        "content": "<p><strong>‘음-음’ 소리를 내고 수업에 집중 못하는 아이, 혹시 신경계의 외침은 아닐까?</strong></p><p>12살 남자아이의 엄마인 A씨의 이야기입니다.</p><p>아이의 음성틱(`음성틱`)은 언제부터 시작되었는지 모를 정도로 자연스러웠지만, 최근 학교 선생님으로부터 \"수업 중에 집중을 못하고 산만하다\"는 피드백을 받았습니다. 아이의 주의 집중력 항목은 10점 만점에 4점 수준이라는 것을 알게 되었습니다.</p>\n\n<table>\n<tbody><tr><td colspan=\"1\" rowspan=\"1\">\n<p><span>아이가 예민한 편이라 친구와 사소한 다툼이 있거나 학원과 과제가 많아지는 주에는 틱 증상이 더 심해졌습니다. 특히 밤에 잠을 잘 못 이루는 날이 잦아졌습니다. 병원에서 </span><span><b>메틸페니데이트 계열의 향정신약</b></span><span>을 처방받았지만, 엄마는 아이에게 그런 약을 먹이는 것에 대한 불안감으로 망설이고 있습니다.</span></p>\n</td></tr></tbody>\n</table>\n\n<p>혹시 당신도 이런 경험이 있나요?</p><p>아이의 틱과 주의력 문제(`아동 주의력 문제`)를 단순히 ‘버릇’이나 ‘의지의 문제’로만 치부해본 적은 없으신가요? 이는 겉으로 드러난 증상에만 집중하는 접근법입니다. 한의학에서는 틱을 단순한 행동 문제가 아닌, 몸과 마음이 보내는 <strong>‘내부 불균형 신호’</strong>로 해석합니다.</p><p>이것은 마치 <em>폭발 직전의 압력솥</em>과 같습니다. 외부에서 아무리 억누르고 잠가놓으려 해도, 내부에 쌓인 압력이 해소되지 않으면 결국 다른 구멍으로 증기(틱, 산만함)를 분출하게 되는 것입니다. 실제로 틱을 억지로 참으라고 했더니 눈을 깜빡이는 틱이 새로 생겨난 경우가 있습니다.</p>\n\n<table>\n<tbody><tr><td colspan=\"1\" rowspan=\"1\">\n<p><span>그렇다면 진짜 원인은 무엇일까요?</span></p>\n</td></tr></tbody>\n</table>\n\n<p>한의학은 겉으로 드러난 증상을 억누르는 대신, 그 증상을 유발하는 근본적인 <strong>몸의 불균형을 해소</strong>하는 데 초점을 맞춥니다.</p><h2 id=\"section-0\">《동의보감》에서는 \"무릇 사람의 간(肝)은 기(氣)를 주관하여 소통을 조절하고, 심(心)은 신(神)을 주관하여 정신을 안정시킨다\"고 말합니다. 즉, 정서적 긴장과 스트레스로 인해 간기(肝氣)가 뭉치면(간기울결), 이는 신경계를 과도하게 항진시켜 `음성틱 원인`이 될 수 있고, 불안, 초조함을 유발합니다. 또한 수면 부족과 과도한 활동으로 심음(心陰)이 부족해지면, 정신을 안정시키는 기운이 약해져 주의 집중력이 떨어지고 불안정한 모습을 보일 수 있습니다.</h2><p>이 두 가지 증상(`틱장애`)은 결국 스트레스와 생활습관의 불균형에서 비롯된 신경계의 과민성이라는 하나의 뿌리에서 나온 <strong>‘가지’</strong>일 수 있습니다.</p><p>이는 우리가 흔히 쓰는 ‘신경쇠약’이라는 단어의 어원과도 맞닿아 있습니다. 신경이 닳아 없어진다는 뜻으로, 겉으로 드러나는 무기력증이나 과민성을 설명하는 오래된 용어입니다.</p><p>한약 치료는 단순히 신경 흥분을 억제하는 것이 아니라, 뭉친 간기(肝氣)를 풀어주고, 부족한 심음(心陰)을 보충하여 신경계를 안정시키는 원리입니다. 이것이 <strong>틱장애 한방치료</strong>의 핵심입니다.</p><h2 id=\"section-1\">혹시 당신도 아이의 틱과 산만함이 점점 심해지는 것을 보며 답답함을 느끼고 있지는 않나요?</h2><p>이 문제는 결코 부모의 책임이 아닙니다. 이 문제를 해결하기 위한 첫걸음은 <strong>음성틱 치료</strong>에 대한 새로운 관점과 깊은 이해에서 시작됩니다.</p>\n\n<table>\n<tbody><tr><td colspan=\"1\" rowspan=\"1\">\n<p><span><b>[Key Takeaways]</b></span></p><ul><li><p><span>`음성틱`과 `주의력 문제`는 서로 다른 증상처럼 보이지만, 근본적인 원인은 동일할 수 있다.</span></p></li><li><p><span>한의학은 틱과 주의력을 '신경계의 과흥분'이 아닌 '몸과 마음의 불균형'으로 해석한다.</span></p></li><li><p><span>증상을 억누르는 대신, 내부의 불균형을 해소하는 것이 근본적인 해결책이 될 수 있다.</span></p></li></ul>\n</td></tr></tbody>\n</table>\n\n<figure class=\"kg-card kg-image-card\"></figure>"
      }
    ],
    "success": true,
    "meta": {
      "duration": 8
    }
  }
]
