[
  {
    "results": [
      {
        "id": 3287,
        "title": "“물사마귀가 자꾸 번져서 너무 속상해요” | 걱정 많은 부모의 소아 물사마귀",
        "content": "<p><strong>“물사마귀가 자꾸 번져서 너무 속상해요” | 걱정 많은 부모의</strong></p><p><strong>소아 물사마귀</strong></p>\n\n<table>\n<tbody><tr><td colspan=\"1\" rowspan=\"1\">\n<p><span>“원장님, 우리 아이 물사마귀가 하나둘 생기더니 이제는 온몸으로 번지는 것 같아요. 이러다 평생 가는 건 아닐지, 어린이집이나 수영장도 못 보내겠고 너무 속상하고 걱정됩니다.”</span></p><p><span>제가 진료실에서 자주 듣는 부모님들의 절박한 목소리입니다. 아이에게 물사마귀(전염성 연속종)가 생기면 말 못 할 걱정부터 앞서게 됩니다. 특히 면역 체계가 아직 미숙한 어린아이들에게 흔하게 나타나고, 한번 생기면 쉽게 번지거나 재발하는 경우가 많아서 부모님의 불안감은 커질 수밖에 없습니다.&lt;sup&gt;[1]&lt;/sup&gt; 왜 우리 아이의 </span><span><b>소아 물사마귀</b></span><span>는 자꾸 번지는 걸까요? 단순한 피부 문제가 아니라, 아이 몸속의 어떤 이야기가 담겨 있는 걸까요?</span></p>\n</td></tr></tbody>\n</table>\n\n<p><strong>물사마귀 번짐의 진짜 원인: 바이러스 너머의 몸속 이야기</strong></p><p>물사마귀는 몰루시폭스(Molluscipox) 바이러스 감염으로 발생하는 피부 질환입니다.&lt;sup&gt;[2]&lt;/sup&gt; 하지만 단순히 바이러스에 감염되었다고 해서 모든 아이에게 물사마귀가 생기거나, 혹은 한번 생긴 것이 무조건 번지는 것은 아닙니다.</p><p>저는 <strong>물사마귀 번짐</strong> 현상을 볼 때, 마치 '어항 속 물고기'에 비유하여 설명드리곤 합니다.</p><p>어항 속 물고기 한두 마리가 아프다고 해서 그 물고기만 격리하는 것보다, 어항 속 물(환경) 자체를 깨끗하고 건강하게 관리해주는 것이 더 중요한 것처럼 말이죠.</p><p>이처럼 물사마귀가 번지는 것은 단순히 외부 바이러스만의 문제가 아니라, 우리 아이 몸속의 <strong>환경적 취약성</strong>과 <strong>생활 습관</strong>이 복합적으로 작용한 결과라고 해석합니다.</p><p>가장 흔한 원인은 <strong>직접적인 피부 접촉</strong>입니다.</p><p>물사마귀는 전염성이 매우 강해서 아이들끼리 피부가 맞닿거나, 오염된 수건, 옷, 장난감 등을 공유할 때 쉽게 전파될 수 있습니다.</p><p>어린이집, 학교, 수영장 등 단체 생활을 하는 공간에서 유병률이 높은 이유도 여기에 있습니다.</p><p>더 큰 문제는 <strong>‘자가접종(Autoinoculation)’</strong>입니다.</p><p>아이들이 가려워서 병변을 긁거나 만지면, 그 손을 통해 바이러스가 다른 부위로 옮겨가 새로운 물사마귀를 만들어내는 것이죠.&lt;sup&gt;[3]&lt;/sup&gt;</p><p>여기에 중요한 요소가 하나 더 있습니다.</p><p>바로 <strong>피부 장벽의 약화</strong>입니다.</p><p>특히 아토피피부염이 있는 아이들은 피부 장벽 기능이 약해져 바이러스 침투에 더욱 취약해지고, 병변이 광범위하게 발생하거나 이환 기간이 길어지는 경향을 보입니다.</p><p><strong>면역력</strong>이 약해지면 바이러스에 대한 우리 몸의 방어 능력이 떨어지는 것은 물론, 피부 장벽 자체도 튼튼하게 유지되기 어렵습니다.</p>\n\n<table>\n<tbody><tr><td colspan=\"1\" rowspan=\"1\">\n<p><span>진료실에서 만났던 5살 준수(가명)가 떠오릅니다. 처음에는 무릎 뒤쪽에 작은 물사마귀 두어 개가 있었는데, 가려움을 참지 못하고 밤새 긁다가 일주일 만에 팔다리와 배까지 수십 개로 번져서 내원했습니다. 준수는 평소에도 잔병치레가 잦고 감기에 잘 걸리는 편이었죠. 이처럼 </span><span><b>소아 물사마귀</b></span><span>가 번지는 것은 외부 바이러스의 침투와 함께 아이의 내부적인 </span><span><b>면역력 저하</b></span><span>와 </span><span><b>피부 장벽 손상</b></span><span>, 그리고 </span><span><b>긁는 습관</b></span><span>이 맞물려 나타나는 현상입니다.</span></p>\n</td></tr></tbody>\n</table>\n\n<p><strong>정기(正氣)를 길러 사기(邪氣)를 이기다: 한의학적 관점의 물사마귀</strong></p><p>저는 물사마귀를 단순히 피부에 드러난 문제로만 보지 않습니다.</p><p>오히려 우리 아이 몸 전체의 건강 상태를 보여주는 하나의 <strong>징후</strong>라고 해석합니다.</p><p>특히 한의학에서는 피부를 '오장육부의 거울'이라고 표현하듯, 피부 문제는 내부 장부의 균형과 기혈 순환의 문제에서 비롯된다고 봅니다.</p><p>『<strong>동의보감</strong>』 「외형편(外形篇)」에서는 피부 질환의 원인을 설명하며, 외부의 풍한서습(風寒暑濕) 같은 사기(邪氣)뿐만 아니라 내부의 정기(正氣), 즉 몸의 면역력과 저항력의 약화를 중요하게 보았습니다.</p><p>이 관점은 현대 의학에서 말하는 <strong>면역력</strong>과 맞닿아 있습니다.</p><p>우리 몸의 '정기'가 충만하면 외부의 '사기'인 바이러스가 침투해도 쉽게 병에 걸리지 않거나, 걸려도 금방 이겨낼 수 있다는 것이죠.</p><p><strong>소아 물사마귀</strong>가 자꾸 번진다는 것은 아이의 몸이 현재 바이러스와 효과적으로 싸울 만큼 충분한 면역력과 회복력을 갖추지 못했다는 신호일 수 있습니다.</p><p>잦은 피로, 불규칙한 수면, 감기에 잘 걸리는 체질, 편식으로 인한 영양 불균형, 정서적 스트레스, 급격한 환경 변화 등은 모두 아이의 면역 체계를 약화시키는 주범들입니다.</p><p>이러한 요소들이 복합적으로 작용하여 아이의 몸속 환경이 바이러스가 번식하고 <strong>물사마귀 번짐</strong>을 일으키기 좋은 상태가 되는 것입니다.</p><p>저는 이처럼 불균형해진 몸속 환경을 바로잡아 아이 스스로 병을 이겨낼 수 있는 힘을 길러주는 데 집중합니다.</p><p><strong>물사마귀, 우리 아이의 회복 여정을 위한 동반자적 통합 관리 전략</strong></p><p><strong>소아 물사마귀</strong> 관리는 단순히 눈에 보이는 병변을 단기적으로 제거하는 것을 넘어, 아이의 몸 스스로 바이러스를 이겨낼 힘을 길러주는 <strong>장기적인 관점</strong>이 필수적입니다.</p><p>대부분의 물사마귀는 면역력이 좋아지면 6~12개월 내에 자연 치유되기도 하지만, 그 과정이 길어지거나 언제든 재감염될 수 있기에 적극적이고 통합적인 관리가 중요합니다.&lt;sup&gt;[4]&lt;/sup&gt; 저는 부모님들께 아이와 함께 회복의 여정을 걷는다는 마음으로, 다음과 같은 동반자적 관리 방안을 권해드립니다.</p><p><strong>1.</strong></p><p><strong>몸의 방어력을 높이는 면역력 강화:</strong> 이것이 가장 근본적인 해결책입니다.</p><p><em>충분하고 규칙적인 수면: 아이에게 가장 좋은 보약은 충분한 수면입니다.</em></p><p><em>성장호르몬 분비와 면역 세포 활성화에 필수적이므로, 정해진 시간에 잠자리에 들고 충분히 자도록 도와주세요.</em></p><p><strong>균형 잡힌 식단과 소화기 관리</strong>: 편식을 줄이고 제철 음식, 특히 채소와 단백질을 충분히 섭취하게 하여 면역력 증진에 필요한 영양소를 공급해야 합니다.</p><p>또한, 소화기가 튼튼해야 영양분을 잘 흡수할 수 있으니, 과식이나 불규칙한 식사는 피하는 것이 좋습니다.</p><p><em>적절한 운동과 야외 활동: 햇볕을 쬐며 뛰어노는 것은 비타민 D 합성을 돕고, 신체 활동을 통해 기혈 순환을 원활하게 하여 아이의 면역력과 신체 발달에 필수적입니다.</em></p><p><strong>스트레스 관리 및 안정적인 정서 환경</strong>: 아이도 어른만큼 스트레스를 받습니다.</p><p>안정적인 정서 환경을 조성해주고, 아이의 이야기를 경청하며 마음을 편안하게 해주는 것이 중요합니다.</p><p>* <strong>한약 치료</strong>: 아이의 체질과 현재 면역 상태를 면밀히 진단하여 맞춤형 <strong>한약 치료</strong>를 진행합니다.</p><p>한약은 단순 증상 억제가 아니라, 몸속 불균형을 바로잡아 정기(正氣)를 보충하고 <strong>면역력</strong>을 근본적으로 끌어올려 아이 스스로 바이러스를 이겨낼 힘을 길러주는 데 큰 도움을 줄 수 있습니다.</p><p><strong>2.</strong></p><p><strong>외부로부터의 침투를 막는 피부 장벽 강화 및 위생 관리:</strong> 외부 방어선을 튼튼하게 만드는 것입니다.</p><p><em>꼼꼼한 보습과 청결 유지: 목욕 후에는 물기를 꼼꼼히 닦고, 저자극 보습제를 충분히 발라 피부 장벽을 튼튼하게 유지해야 합니다.</em></p><p><em>이는 바이러스 침투를 막는 데 중요한 역할을 합니다.</em></p><p><em>외출 후, 화장실 사용 후, 식사 전후에는 손을 깨끗이 씻는 습관을 길러주세요.</em></p><p><strong>긁지 않도록 세심한 관리</strong>: <strong>물사마귀 번짐</strong>의 주요 원인 중 하나인 자가접종을 막기 위해 아이가 병변을 긁지 않도록 손톱을 짧게 깎아주고, 가려움이 심할 때는 냉찜질이나 순한 진정제를 사용하며 필요시 밴드를 붙여주는 것도 좋은 방법입니다.</p><p><em>개인 위생 철저</em>*: 수건, 옷, 목욕 용품, 잠옷 등 개인 물품은 따로 사용하는 것이 좋습니다.</p><p>단체 생활 시 다른 친구들과의 직접적인 피부 접촉을 최소화하고, 수영장이나 목욕탕 이용 후에는 바로 샤워하고 보습하는 것이 중요합니다.</p><p><strong>소아 물사마귀는 부모님의 인내와 꾸준한 관심이 필요한 질환입니다.</strong></p><p><strong>단지 눈에 보이는 사마귀를 제거하는 데 급급하기보다, 우리 아이의 몸 전체를 건강하게 만들어 바이러스를 스스로 이겨낼 수 있는 힘을 길러주는 데 초점을 맞춰야 합니다.</strong></p><p><strong>혹시 우리 아이의 물사마귀 번짐으로 걱정이시라면, 아이의 면역 체계와 생활 습관, 그리고 몸속 환경을 통합적으로 살펴줄 수 있는 전문가의 도움을 받아보시길 권합니다.</strong></p><p><strong>아이의 건강한 피부 회복을 향한 여정에 제가 기꺼이 동반하겠습니다.</strong></p><figure class=\"kg-card kg-image-card\"></figure>"
      }
    ],
    "success": true,
    "meta": {
      "duration": 3
    }
  }
]
