[
  {
    "results": [
      {
        "id": 3300,
        "title": "아무리 노력해도 체중이 그대로, 대체 왜 그럴까요? | 살이 잘 안빠지는 이유",
        "content": "<p><strong>아무리 노력해도 체중이 그대로, 대체 왜 그럴까요?</strong></p><p>늘어나는 체중계 숫자 앞에서 한숨만 쉬는 분들을 진료실에서 자주 뵙습니다.</p><p>식단도 조절하고 운동도 꾸준히 하는데, <strong>살이 잘 안 빠지는 이유가 무엇인지 모르겠다</strong>며 답답함을 호소하시죠.</p><p>저에게 “원장님, 저 정말 죽을힘을 다하고 있는데, <strong>왜 체중은 미동도 안 할까요?</strong> 다른 사람들은 쉽게 빠지는 것 같은데…”라고 묻는 환자분의 목소리는 늘 제 마음을 울립니다.</p><p>정말 노력 부족일까요?</p><p>과연 의지만으로는 이 다이어트 정체기를 벗어날 수 있을까요?</p><p>이 글은 단순히 체중 감량 어려움을 넘어, 여러분 몸이 보내는 숨겨진 신호를 함께 읽고 <strong>지속 가능한 변화</strong>의 단서를 찾는 여정이 될 것입니다.</p>\n\n<table>\n<tbody><tr><td colspan=\"1\" rowspan=\"1\">\n<p><span>\"아침에 일어나면 얼굴이 </span><span>물먹은 스펀지 같아요</span><span>.</span></p><p><span>짠 게 자꾸 당기고, 오후만 되면 몸이 늘어지는 게… 마치 </span><span>배터리 없는 로봇 같다고 해야 할까요</span><span>?\"</span></p><p><span>\"운동 강도를 높여도 체지방 감소는커녕, 오히려 </span><span><b>식욕만 폭발해요</b></span><span>.</span></p><p><span>이러다 </span><span><b>요요 현상이 올까 봐 두려워요</b></span><span>.\"</span></p>\n</td></tr></tbody>\n</table>\n\n<p><strong>살이 잘 안 빠지는 이유, ‘몸의 환경’에 답이 있습니다.</strong></p><hr><p>우리가 흔히 ‘살이 쪘다’, ‘살이 안 빠진다’고 말할 때, 대부분은 칼로리 계산이나 운동량 부족만을 떠올립니다.</p><p>하지만 제가 진료실에서 만난 많은 분들의 다이어트 정체기는 <strong>단순한 에너지 수지의 문제가 아니었습니다</strong>.</p><p>마치 비옥해야 할 밭이 메마르거나 독성 물질에 오염되면 아무리 좋은 씨앗을 심어도 잘 자라지 못하는 것과 같습니다.</p><p>우리 몸도 <strong>‘환경’이 중요합니다</strong>.</p><p>수면의 질, 만성 스트레스, 잘못된 식욕 신호, 오장육부의 불균형, 기혈진액의 순환 문제, 그리고 몸속 노폐물인 담음(痰飮)이나 부종(浮腫) 같은 것들이 모두 몸의 환경을 구성하고 살이 잘 안빠지는 이유가 됩니다.</p>\n\n<table>\n<tbody><tr><td colspan=\"1\" rowspan=\"1\">\n<p><span>A님은 40대 중반 직장인이셨습니다.</span></p><p><span>밤샘 근무와 잦은 야근으로 </span><span>수면의 질이 매우 낮았죠</span><span>.</span></p><p><span>늘 \"몸이 </span><span>물에 젖은 솜 같아요</span><span>\"라고 말씀하셨습니다.</span></p><p><span>일주일에 </span><span>3회 이상 운동해도</span><span> 체중은 미동조차 하지 않았고, 오히려 피로감만 가중되는 상황이었습니다.</span></p><p><span>체지방률은 높은데 근육량은 줄어드는</span><span>, 전형적인 '</span><span><b>대사 저하</b></span><span>' 패턴을 보였습니다.</span></p><p><span>한의학적으로는 '</span><span>기허(氣虛)와 담음(痰飮)</span><span>' 경향이 뚜렷했습니다.</span></p><p><span>체중 감량 어려움은 </span><span><b>복합적인 환경의 결과</b></span><span>였습니다.</span></p>\n</td></tr></tbody>\n</table>\n\n<p><strong>수면, 스트레스, 그리고 숨겨진 식욕 신호</strong></p><hr><p>\"잠만 잘 자도 살이 빠진다\"는 말이 있죠?</p><p>이것은 단순히 편안함의 문제가 아닙니다.</p><p>수면 부족은 코르티솔이라는 스트레스 호르몬을 높여 우리 몸을 '비상 상태'로 만듭니다.</p><p>이 비상 상태는 <strong>지방을 저장하고 근육을 분해하려는 경향을 강하게 만듭니다</strong>.</p><p>동시에 식욕을 촉진하는 그렐린 호르몬은 늘리고, 식욕을 억제하는 렙틴 호르몬은 줄여서 <strong>식욕 신호를 교란합니다</strong>.</p><p>스트레스 역시 마찬가지입니다.</p><p>만성적인 스트레스는 HPA 축(시상하부-뇌하수체-부신 축)을 과활성화시켜 인슐린 저항성을 높이고, 결국 우리 몸을 살이 찌기 쉬운 상태, 즉 <strong>대사 저하 상태</strong>로 이끌 수 있습니다.</p>\n\n<table>\n<tbody><tr><td colspan=\"1\" rowspan=\"1\">\n<p><span>HPA 축: 우리 몸이 스트레스에 반응하는 중요한 신경내분비계입니다.</span></p><p><span>이 축이 과도하게 활성화되면 </span><span>코르티솔 분비가 늘어나 혈당 조절에 문제를 일으키고, 이는 결국 체지방 축적으로 이어질 수 있습니다</span><span>.</span></p><p><span>마치 </span><span>예민해진 경보기처럼, 작은 자극에도 몸이 과도하게 반응하여 에너지를 비축하려는 경향을 보입니다</span><span>. 실제로 스트레스가 심한 날에는 </span><span>코르티솔 분비가 최대 2배까지 치솟기도 합니다</span><span>.</span></p>\n</td></tr></tbody>\n</table>\n\n<p><strong>한의학적 관점에서의 '장부 불균형'과 '담음/부종'</strong></p><hr><p>한의학에서는 체중 감량 어려움을 단지 섭취 칼로리와 소모 칼로리의 문제로 보지 않습니다.</p><p><strong>몸 안의 ‘환경’을 중시하며, 특히 오장육부의 기능과 기혈진액의 순환을 중요하게 여깁니다.</strong></p><p>예를 들어, 비위(脾胃) 기능이 약해지면 소화 흡수력이 떨어지고, 노폐물인 담음이 쉽게 쌓여 아침에 얼굴이 붓거나 몸이 무거워지는 증상을 보입니다.</p><p>이는 현대적으로는 체수분 변동성이 커지고, BIA(생체전기저항 분석) 상 세포외수분비율(ECW/TBW)이 높아지는 경향과 연결됩니다.</p><p>간(肝) 기능의 울체는 스트레스와 맞물려 기혈 순환을 방해하고, 신(腎) 기능 저하는 체내 수분 대사와 에너지 효율에 영향을 줍니다.</p><p>이러한 장부 불균형은 결국 대사 저하로 이어져, <strong>아무리 노력해도 체지방 감소가 더디게 만드는 핵심 원인</strong>이 됩니다.</p><p><strong>지속 가능한 체중 관리, 어떻게 시작해야 할까요?</strong></p><hr><p>어떠세요?</p><p>여러분의 살이 잘 안빠지는 이유가 <strong>단순한 문제가 아니라는 것을 이제 아셨을 겁니다</strong>.</p><p>결국 <strong>지속 가능한 체중 관리는 '몸의 환경'을 개선하는 것에서 시작합니다</strong>.</p><p>첫째, <strong>작은 습관부터 점검해 보세요</strong>.</p><p>규칙적인 시간에 잠자리에 들고, 스트레스 해소에 도움이 되는 짧은 명상이나 산책을 시도하는 것이 좋습니다.</p><p>둘째, 식단에서는 단백질 섭취를 늘리고, 정제 탄수화물을 줄여 혈당 스파이크를 최소화하는 것이 중요합니다.</p><p>단순히 칼로리를 줄이는 것보다 <strong>무엇을 먹느냐가 더 중요합니다</strong>.</p><p>셋째, 본인의 몸이 어떤 한의학적 패턴(기허, 담음, 간울 등)을 가졌는지, 또는 현대적 지표(수면 점수, HRV, 체성분 변화)로 어떤 특징을 보이는지 전문가와 상담하여 <strong>나만의 교정 포인트를 찾아야 합니다</strong>.</p>\n\n<table>\n<tbody><tr><td colspan=\"1\" rowspan=\"1\">\n<p><span>간혹 \"빨리 빼야 한다\"는 조급함에 원푸드 다이어트 같은 유행성 단식이나 무리한 운동을 선택하는 분들이 있습니다. 이는 일시적인 '비움의 보상'을 주지만, 오히려 </span><span>몸의 대사 체계를 교란하고 스트레스 호르몬을 폭증시켜</span><span><b>장기적으로 요요 현상을 초래할 가능성이 큽니다</b></span><span>.</span></p><p><span>일시적인 수분과 근육 손실일 뿐, 진정한 체지방 감소로 이어지기 어렵다</span><span>는 점을 기억해야 합니다.</span></p><p><span>항상 몸의 소리에 귀 기울이고, </span><span><b>안전하고 지속 가능한 방법을 선택하십시오</b></span></p><p><span>저를 만나지 않아도 좋습니다.</span></p><p><span><b>여러분의 몸 전체를 세심히 살펴주는 의료진을 만나 체중 감량 어려움의 근본적인 원인을 함께 찾아나가시길 진심으로 권유합니다</b></span><span>.</span></p><p><span>당신의 몸은 단순히 줄여야 할 숫자가 아니라, </span><span><b>돌보고 이해해야 할 소중한 '환경'이니까요</b></span><span>.</span></p>\n</td></tr></tbody>\n</table>\n\n<figure class=\"kg-card kg-image-card\"></figure>"
      }
    ],
    "success": true,
    "meta": {
      "duration": 2
    }
  }
]
