[
  {
    "results": [
      {
        "id": 3273,
        "title": "“속이 답답해서 숨쉬기도 힘들어요” | 30대 다이어터의 삭센다 소화불량",
        "content": "<h2 id=\"section-0\">삭센다, 식욕만 억제하는 줄 알았는데… 왜 속이 더부룩할까요?</h2><p>처음 <strong>삭센다</strong>를 처방받으시는 분들은 식욕 억제와 체중 감량 효과에 대한 기대가 큽니다.</p><p>하지만 얼마 지나지 않아 “선생님, <u>속이 돌덩이처럼 얹힌 것 같아요</u>”라고 말씀하시는 분들이 많습니다.</p><p>\"<strong>삭센다</strong> 주사 맞은 지 한 달 정도 되었어요.</p><p>몸무게는 조금 줄었는데, 밥만 먹으면 <strong>속이 꽉 막힌 것처럼 답답하고 배가 자꾸 더부룩해요</strong>.</p><p>점심 먹고 나면 밤까지 <strong>소화가 안 되는 느낌</strong>이고, 가끔은 <strong>메스꺼워서 잠까지 설칩니다</strong>.</p><p>이러다 약을 끊어야 할까 봐 걱정이에요.\"</p><p>이러한 <strong>소화불량</strong>은 <strong>삭센다</strong> 복용 초기부터 나타나는 흔한 부작용 중 하나입니다.</p><p>단순히 속이 불편한 것을 넘어, 식사 자체를 꺼리게 만들고 삶의 질까지 저하시킬 수 있습니다.</p><p>어떤 분들은 메스꺼움이 너무 심해 식사를 제대로 하지 못하기도 합니다.</p><p>이러한 <strong>위장 불편감</strong>은 사실 <strong>삭센다</strong>의 <strong>작용 기전</strong>과 밀접한 관련이 있습니다.</p><p>30대 직장인 박지영님(가명)은 출산 후 늘어난 체중으로 고민하다 <strong>삭센다</strong> 복용을 시작했습니다.</p><p>초반에는 식욕 억제 효과에 만족했지만, 2주차부터 시작된 <strong>극심한 소화불량과 더부룩함</strong>으로 고통받았습니다.</p><p>점심 식사 후에는 오후 내내 속이 답답하고, 저녁 식사는 아예 엄두를 내지 못했습니다.</p><p>이로 인해 영양 불균형이 우려되었고, 결국 <strong>삭센다</strong> 복용 지속 여부에 대해 깊이 고민하게 되었습니다.</p><p>박지영님처럼 많은 분들이 <strong>삭센다</strong> 복용 중 위장 장애를 겪습니다.</p><p>이런 증상이 왜 나타나는지 그 원리를 이해하는 것이 관리의 시작입니다.</p><h2 id=\"section-1\">삭센다가 ‘위’를 느리게 하는 이유: GLP-1 유사체의 숨겨진 기능</h2><figure class=\"kg-card kg-image-card\"><img src=\"https://barun-static.s3.ap-northeast-2.amazonaws.com/blog/snowhitebambi/2025/11/7f1a4a0839b3b892d431379a94193fab0dc300f59a35e67f489c8af25d43014f.png\" class=\"kg-image\" alt=\"\" loading=\"lazy\" style=\"width: 100%; height: auto; border-radius: 12px; margin: 2rem 0;\"></figure><p><strong>삭센다</strong>는 우리 몸의 <u>GLP-1(Glucagon-Like Peptide-1)</u>이라는 호르몬과 유사한 작용을 하는 <u>리라글루타이드 성분</u>의 식욕억제제입니다.</p><p>이 <u>GLP-1</u>은 췌장에서 <u>인슐린 분비</u>를 촉진하고 <u>글루카곤 분비</u>를 억제하여 <strong>혈당을 조절</strong>합니다.</p><p>동시에 뇌의 <u>시상하부</u>에 작용하여 <strong>포만감을 증가</strong>시키고 <strong>식욕을 줄이는</strong> 중요한 역할을 합니다.</p><p>하지만 <u>GLP-1</u>은 우리 몸의 <u>위장 운동</u>에도 영향을 미칩니다.</p><p>바로 ‘<u>위 배출 지연</u>’이라는 기능을 통해서입니다.</p><p><strong>삭센다 복용</strong> → <u>GLP-1 유사체 작용</u> → <u>위 운동성 저하 및 위 배출 지연</u> → <strong>음식물이 위에 머무는 시간 증가</strong> → <strong>포만감 지속 및 식욕 억제</strong> (긍정적 효과)</p><p>하지만 동시에 <strong>음식물 정체로 인한 불편감 발생</strong> → <strong>더부룩함, 메스꺼움, 소화불량 등 위장 장애</strong> (부작용)</p><p><strong>삭센다</strong>가 <u>위 배출 속도</u>를 늦추면 음식물이 위장에 더 오래 머무르게 됩니다.</p><p>이는 장점으로는 <strong>적은 양으로도 포만감을 느끼게 하여 체중감량에 도움</strong>을 주지만, 단점으로는 <strong>소화가 더디게 느껴지고 속이 더부룩하며 메스꺼움</strong>을 유발하게 됩니다.</p><p>우리 몸은 환경 변화에 적응하는 데 시간이 필요합니다.</p><p><strong>삭센다</strong> 복용 초기에는 몸이 이러한 변화에 익숙하지 않아 <strong>소화불량 증상이 두드러지게</strong> 나타나는 경우가 많습니다.</p><h2 id=\"section-2\">소화불량, 이렇게 섬세하게 다뤄야 합니다: 나만의 회복 전략</h2><figure class=\"kg-card kg-image-card\"><img src=\"https://barun-static.s3.ap-northeast-2.amazonaws.com/blog/snowhitebambi/2025/11/a6c560436084bfd66e4b74f7c9fce04c2f32ab1e33db3875ad9c4e7b32d8dfff.png\" class=\"kg-image\" alt=\"\" loading=\"lazy\" style=\"width: 100%; height: auto; border-radius: 12px; margin: 2rem 0;\"></figure><p><strong>삭센다</strong> 복용으로 인한 소화불량은 단순히 참거나 약을 끊는 것 외에도 <strong>다양한 관리 방법</strong>으로 관리할 수 있습니다.</p><p>제가 진료실에서 환자분들께 강조하는 것은 바로 ‘<strong>몸 상태에 맞는 섬세한 접근</strong>’입니다.</p><p>몸이 보내는 작은 신호들을 놓치지 않고 대응하는 것이 중요합니다.</p><p>소화불량 완화를 위해서는 생활 습관 개선이 중요합니다. <strong>식사량을 조금씩 줄이고</strong>, 하루에 세 번보다는 네다섯 번으로 나누어 <strong>소량씩 자주 드시길</strong> 권합니다. 음식을 <strong>천천히 꼭꼭 씹어 먹는 습관</strong>을 들이면 소화 부담을 효과적으로 줄일 수 있습니다. <strong>지방 함량이 높거나 튀긴 음식, 너무 맵거나 짠 자극적인 음식은 피하는 것이 좋습니다</strong>. 대신 신선한 채소와 단백질 위주의 식단으로 균형 잡힌 영양을 섭취해 주십시오. <strong>식사 후에는 바로 눕지 말고 가벼운 산책</strong> 등으로 몸을 움직여 주는 것이 소화에 도움이 됩니다. <strong>충분한 수분 섭취</strong> 또한 중요하니 물을 자주 마시는 습관을 들여 보십시오.</p><p>또한, <strong>삭센다</strong> 용량 조절을 고려해 볼 수도 있습니다.</p><p>소화기 증상이 너무 심하다면 <strong>용량을 잠시 낮추거나 증량이 필요한 시기를 조절</strong>하는 것이 현명합니다.</p><p>이러한 조치는 <strong>반드시 의료진과 상의</strong>하여 진행되어야 합니다.</p><h2 id=\"section-3\">건강한 체중 감량을 위한 현명한 동행: 놓치지 말아야 할 것들</h2><figure class=\"kg-card kg-image-card\"><img src=\"https://barun-static.s3.ap-northeast-2.amazonaws.com/blog/snowhitebambi/2025/11/728df7c41e48737d3b613dedc9ebd154ac4dda74989f3f73d07ec32761b32de1.png\" class=\"kg-image\" alt=\"\" loading=\"lazy\" style=\"width: 100%; height: auto; border-radius: 12px; margin: 2rem 0;\"></figure><p><strong>삭센다</strong>를 통한 <strong>체중 감량은 단순한 체중계 숫자의 변화를 넘어, 전반적인 건강 증진</strong>을 목표로 해야 합니다.</p><p>소화불량과 같은 부작용으로 인해 몸이 힘들어한다면, 이는 <strong>지속 가능한 건강한 감량</strong>이라고 보기 어렵습니다.</p><p>만약 소화불량 증상이 너무 심해 일상생활이 어렵거나, <strong>구토, 복통, 발열 등 다른 이상 증상</strong>이 동반된다면 <strong>반드시 의료진과 상담</strong>해야 합니다.</p><p><strong>섣부른 판단으로 약 복용을 중단하거나 용량을 조절하지 말고 전문가 도움</strong>을 받아 정확한 진단과 적절한 대처를 하는 것이 중요합니다.</p><p>특히 <u>담낭염, 췌장염</u> 등 <strong>심각한 합병증</strong>의 가능성도 있으니 각별히 주의해야 합니다.</p><p>저는 <strong>삭센다</strong>를 복용하는 환자분들께 단순히 약 처방만을 하는 것이 아니라, 소화기 증상을 완화하고 몸의 균형을 되찾기 위한 <strong>한약 치료를 병행</strong>하는 경우도 많습니다.</p><p>몸 전체를 살피고, 스트레스나 수면 패턴 등 생활 습관 전반을 함께 개선하려는 노력이 <strong>건강한 체중 감량의 핵심</strong>입니다.</p><p><strong>삭센다</strong>와 함께하는 여정이 좀 더 편안하고 지속 가능하도록, 여러분의 몸에 귀 기울이고 현명하게 관리해 나가시길 바랍니다.</p><p>제가 아니더라도 <strong>몸 전체를 살피는 의료 동반자</strong>를 만나 여러분의 회복을 돕는 동반자로 삼으시기를 진심으로 권유합니다.</p><p><strong>건강한 삶의 균형이 소중하기</strong> 때문입니다.</p><figure class=\"kg-card kg-image-card\"></figure>"
      }
    ],
    "success": true,
    "meta": {
      "duration": 2
    }
  }
]
