[
  {
    "results": [
      {
        "id": 3271,
        "title": "“고기만 먹으면 속이 더부룩해요” | 50대 남성의 단백질 소화불량",
        "content": "<h2 id=\"section-0\">왜 나이가 들수록 단백질 소화가 힘들어질까요?</h2><p>단백질은 우리 몸의 근육, 면역 세포, 효소 등 중요한 구성 요소를 만듭니다. 이런 단백질을 제대로 소화하고 흡수하기 위해서는 <u>위산과 펩신</u> 같은 <strong>소화 효소의 충분한 분비</strong>가 필수적입니다. 그런데 나이가 들면서 이 과정에 여러 변화가 생깁니다.</p><p>첫째, <u>위산 분비가 줄어듭니다</u>. 위산은 단백질을 변성시켜 소화 효소가 작용하기 좋게 만들고, <u>펩시노겐을 활성 펩신으로</u> 바꾸는 역할을 합니다. 위산이 부족해지면 단백질이 충분히 분해되지 못하고 위에 오래 머무르면서 속이 더부룩함을 유발하게 됩니다.</p><p>둘째, <u>소화 효소의 활성이 감소합니다</u>. 특히 췌장에서 분비되는 단백질 분해 효소인 <u>트립신과 키모트립신</u> 같은 것들의 분비량이나 활성이 줄어들 수 있습니다.</p>\n\n<table>\n<tbody><tr><td colspan=\"1\" rowspan=\"1\">\n<p><span>소화 효소는 우리 몸의 </span><span><u>‘일꾼’과 같습니다</u></span><span>. 단백질 소화에 핵심적인 역할을 하는 효소로는 위에서 분비되는 </span><span><u>펩신</u></span><span>, 췌장에서 분비되는 </span><span><u>트립신, 키모트립신</u></span><span> 등이 있습니다. 이 효소들이 충분하지 않으면 아무리 좋은 단백질을 섭취해도 그 영양분을 온전히 내 것으로 만들기 어렵습니다.</span></p>\n</td></tr></tbody>\n</table>\n\n<p>셋째, <u>위장 운동성이 저하됩니다</u>. 위는 단백질 덩어리를 잘게 부수고 소장으로 이동시키는 <u>펌프 역할</u>을 합니다. 나이가 들수록 이런 위장 운동성이 떨어져 단백질이 위에서 머무는 시간이 길어지고, 이는 곧 속이 더부룩하고 소화가 안 되는 느낌으로 이어집니다.</p><p>이 세 가지 요인은 연령 증가와 함께 자연스럽게 나타날 수 있는 변화이며, <strong>단백질 소화불량의 핵심적인 원리</strong>가 됩니다.</p><h2 id=\"section-1\">단순한 노화 문제만은 아닙니다: 스트레스와 생활 습관</h2><figure class=\"kg-card kg-image-card\"><img src=\"https://barun-static.s3.ap-northeast-2.amazonaws.com/blog/snowhitebambi/2025/11/e8c5d57a30a5e67abe8240aa7ff9fca313eb8580fd047fc93db9a095b634af79.png\" class=\"kg-image\" alt=\"\" loading=\"lazy\" style=\"width: 100%; height: auto; border-radius: 12px; margin: 2rem 0;\"></figure><p>단백질 소화불량을 겪는 모든 분이 나이가 많거나 소화 기관에 심각한 문제가 있는 것은 아닙니다. 오히려 <strong>스트레스와 불규칙한 생활 습관</strong>이 소화 기능을 더욱 악화시키는 경우가 많습니다.</p>\n\n<table>\n<tbody><tr><td colspan=\"1\" rowspan=\"1\">\n<p><span>김민준(가명)님은 50대 초반의 회사원이십니다. 몇 달 전부터 유난히 고기를 먹으면 소화가 안 되고, 심할 때는 명치 통증까지 느끼셨다고 합니다. 건강검진에서는 특별한 이상이 없었지만, 스트레스가 많은 업무와 잦은 야근으로 인해 만성적인 피로와 긴장에 시달리고 있었습니다.</span></p><p><span>“점심때 닭가슴살 샐러드를 먹고 나면 오후 내내 속이 답답해서 일에 집중하기 힘들어요. 저녁에는 가족들과 고기를 먹어야 하는데, 괜히 제가 부담스러워서 식사 분위기를 망치는 것 같아 미안해요.”</span></p><p><span>김민준님은 스트레스로 인해 </span><span><u>자율신경계 균형이 깨지면서</u></span><span> 위장 운동성과 소화 효소 분비가 더욱 </span><span><b>저해된 전형적인 사례</b></span><span>였습니다.</span></p>\n</td></tr></tbody>\n</table>\n\n<p>스트레스는 <u>자율신경계</u>에 직접적인 영향을 미칩니다. 스트레스를 받으면 <u>교감신경이 항진되어</u> 소화기계로 가는 혈류량이 줄어들고, <strong>소화 효소 분비와 위장 운동성이 저해됩니다</strong>. 바쁘고 긴장된 일상 속에서 식사를 급하게 하거나, 불규칙적인 식사 시간을 갖는 것 또한 소화 기관에 큰 부담을 줍니다.</p><p>이는 결국 나이가 들어 발생하는 소화 기능의 자연스러운 저하와 <strong>시너지를 내어</strong>, 단백질 소화불량을 더욱 심화시키는 주범이 됩니다.</p><h2 id=\"section-2\">건강한 단백질 섭취와 소화 기능 강화를 위한 맞춤 전략</h2><figure class=\"kg-card kg-image-card\"><img src=\"https://barun-static.s3.ap-northeast-2.amazonaws.com/blog/snowhitebambi/2025/11/40830298252f0df7696912148eab7717143655caa4755cfbd34b4ec516503963.png\" class=\"kg-image\" alt=\"\" loading=\"lazy\" style=\"width: 100%; height: auto; border-radius: 12px; margin: 2rem 0;\"></figure><p>그렇다면 이러한 문제들을 어떻게 해결할 수 있을까요? 제가 진료실에서 환자분들과 함께 고민하는 <strong>실질적인 해결책</strong>은 다음과 같습니다.</p>\n\n<table>\n<tbody><tr><td colspan=\"1\" rowspan=\"1\">\n<p><span><b>단백질 소화 개선을 위한 핵심 경로</b></span><span>는 다음과 같습니다. 첫째, 한 번에 많은 양의 단백질 섭취를 피하고 여러 끼에 나누어 섭취하여 소화 부담을 줄이는 것입니다. 둘째, 튀기거나 굽는 것보다는 삶거나 찌는 조리법을 선택하는 것이 소화 부담을 적게 합니다. 셋째, 음식물을 충분히 씹어 잘게 부숴줌으로써 소화 효소가 작용할 표면적을 넓혀주는 노력이 필요합니다. 넷째, 스트레스를 줄이고 편안한 환경에서 천천히 식사하는 것이 중요합니다. 마지막으로, 필요한 경우 </span><span><b>소화 효소 보충제</b></span><span>를 고려하거나 </span><span><b>소화에 도움이 되는 한약 치료</b></span><span>를 병행하여 소화 기능을 보조할 수 있습니다.</span></p>\n</td></tr></tbody>\n</table>\n\n<p>무엇보다 <strong>단백질 섭취량과 속도를 조절하는 것</strong>이 중요합니다. 한 번에 많은 양의 단백질을 섭취하기보다는 여러 끼에 걸쳐 소량씩 나누어 섭취하는 것이 몸에 부담을 덜어줍니다. 급하게 먹는 습관을 버리고 <strong>충분히 씹어서 삼키는 것</strong>도 필수적인 노력입니다. 이와 더불어 <strong>소화가 편한 단백질 식품</strong>을 선택하고 <strong>조리법에도 신경</strong> 써야 합니다. 육류 중에서도 소화 부담이 덜한 부위나 어류, 두부, 달걀 등 식물성 단백질을 적절히 조합하는 것이 좋고, 튀기거나 굽는 것보다는 <strong>삶거나 찌는 방식</strong>이 소화에 훨씬 유리합니다.</p><p>단백질 소화불량을 개선하기 위해서는 단순히 식단만 바꾸는 것을 넘어 <strong>전반적인 소화 기능을 강화하는 노력</strong>이 필요합니다. <strong>스트레스 관리</strong>는 소화 기능 회복에 매우 중요합니다. 명상이나 가벼운 운동, 충분한 휴식 등을 통해 스트레스를 해소하는 습관을 들이는 것이 좋습니다. 또한 소화 기능 보조를 위해 위장 운동성을 높이고 소화 효소 분비를 돕는 전통적인 식재료나 발효 식품, 예를 들어 <strong>매실, 생강차, 된장</strong> 등을 꾸준히 섭취하는 것도 도움이 될 수 있습니다. 증상이 심하거나 만성적인 경우, 개인의 체질과 증상에 맞는 <strong>한약 치료</strong>를 고려해볼 수 있습니다. 이는 단순히 증상을 억제하는 것을 넘어 몸의 소화 환경을 근본적으로 개선하는 데 도움을 줄 수 있습니다. 저 또한 진료실에서 환자분들의 위장 상태와 전신 컨디션을 종합적으로 고려하여 맞춤형 처방을 제공하고 있습니다.</p>\n\n<table>\n<tbody><tr><td colspan=\"1\" rowspan=\"1\">\n<p><span>만약 단백질 소화불량 증상이 지속되거나, </span><span><b>체중 감소, 혈변, 구토와 같은 심각한 증상</b></span><span>이 동반된다면 </span><span><b>반드시 의료 기관을 방문</b></span><span>하여 정확한 진단과 치료를 받아야 합니다. 자가 진단이나 자가 치료는 오히려 증상을 악화시키거나 중요한 질병의 신호를 놓칠 수 있습니다.</span></p>\n</td></tr></tbody>\n</table>\n\n<h2 id=\"section-3\">우리 몸의 소화력을 되찾는 여정</h2><figure class=\"kg-card kg-image-card\"><img src=\"https://barun-static.s3.ap-northeast-2.amazonaws.com/blog/snowhitebambi/2025/11/8d354eb368cfe37debbbd40353a98a801f3e6ad652c2958f574215d6169b5869.png\" class=\"kg-image\" alt=\"\" loading=\"lazy\" style=\"width: 100%; height: auto; border-radius: 12px; margin: 2rem 0;\"></figure><p>단백질 소화불량은 누구에게나 찾아올 수 있는 자연스러운 신체 변화의 한 부분일 수 있습니다. 하지만 이를 단순한 불편함으로 치부하지 않고, 우리 몸이 보내는 <strong>섬세한 신호로 이해하고 적극적으로 대처한다면</strong> 충분히 개선될 수 있습니다.</p>\n\n<table>\n<tbody><tr><td colspan=\"1\" rowspan=\"1\">\n<p><span><i>고전 의서인 </i></span><span><u><i>『동의보감』</i></u></span><span><i>에서도 “</i></span><span><u><i>식상(食傷)</i></u></span><span><i>은 음식에 상하여 생기는 병이니, </i></span><span><u><i>비위(脾胃)</i></u></span><span><i>가 허하여 음식을 소화시키지 못하기 때문”이라며 소화 기능의 중요성을 강조하고 있습니다. 이는 현대 의학에서 말하는 </i></span><span><u><i>소화 효소 분비 감소, 위장 운동성 저하</i></u></span><span><i>와 일맥상통하는 통찰입니다.</i></span></p>\n</td></tr></tbody>\n</table>\n\n<p>단백질 섭취가 단순히 영양분을 채우는 행위를 넘어, 건강한 삶의 활력을 되찾는 기쁨이 될 수 있도록, 여러분의 몸에 귀 기울이고 <strong>적절한 해결책을 찾아 나서는 여정</strong>에 제가 작은 동반자가 되기를 바랍니다.</p><figure class=\"kg-card kg-image-card\"></figure>"
      }
    ],
    "success": true,
    "meta": {
      "duration": 3
    }
  }
]
