[
  {
    "results": [
      {
        "id": 3270,
        "title": "다이어트만 하면 속이 더부룩해요 | 20대 여성 다이어터의 소화불량",
        "content": "<h2 id=\"section-0\">다이어트만 하면 왜 속이 불편할까요?</h2>\n\n<table>\n<tbody><tr><td colspan=\"1\" rowspan=\"1\">\n<p><span>\"먹는 양도 줄이고 건강하게 먹으려고 노력하는데 왜 이렇게 소화가 안 될까요? 뭘 먹어도 속이 더부룩하고 때로는 명치가 아파요. </span><span><u>돌덩이가 여기 있는 것 같아요.</u></span><span>\"</span></p>\n</td></tr></tbody>\n</table>\n\n<p>이처럼 다이어트 중에 <strong>소화불량 증상</strong>으로 고통받는 20대 여성 다이어터들이 의외로 많습니다. 몸을 가꾸는 노력이 오히려 <u>위장 기능</u>을 해치고, 식단 유지와 심리적 부담을 가중시키는 악순환으로 이어집니다. 단순한 소화력 부족의 문제일까요? 솔직히, 저는 그 이면에 <strong>더 복합적인 원리들</strong>이 있다고 봅니다.</p><h2 id=\"section-1\">위장은 왜 혼란스러워할까요?</h2><figure class=\"kg-card kg-image-card\"><img src=\"https://barun-static.s3.ap-northeast-2.amazonaws.com/blog/snowhitebambi/2025/11/5c3df338d3b552759e41fa198314697ac4748676afef4dd514cf8299e481e23a.png\" class=\"kg-image\" alt=\"\" loading=\"lazy\" style=\"width: 100%; height: auto; border-radius: 12px; margin: 2rem 0;\"></figure>\n\n<table>\n<tbody><tr><td colspan=\"1\" rowspan=\"1\">\n<p><span>20대 중반의 수진님(가명)은 취업 준비와 인턴 생활로 스트레스가 심했습니다. 자신감 부족으로 </span><span><u>저탄고지 식단</u></span><span>을 무리하게 시작했죠. 처음엔 샐러드 위주였으나, 곧 아침 삶은 달걀, 점심 닭가슴살 샐러드, 저녁 단백질 셰이크로 탄수화물을 극히 제한했습니다. 한 달 후 체중은 줄었지만, 속은 늘 답답하고 더부룩했습니다. 명치 끝 통증, 가끔 속쓰림, 심한 변비도 생겼습니다. 식사마다 불안해하며 결국 식단을 포기할지 고민했다고 합니다.</span></p>\n</td></tr></tbody>\n</table>\n\n<p>수진님(가명)의 이야기처럼, 다이어트 중 발생하는 <strong>식단 소화장애</strong>는 단순히 뭘 잘못 먹었기 때문이 아닐 때가 많습니다. 우리의 위장도 하나의 <u>작은 생태계와 같습니다.</u> 갑작스러운 환경 변화에 쉽게 흔들릴 수밖에 없죠. 그렇다면 다이어트 중 소화 불량 증상은 왜 생기는 걸까요?</p>\n\n<table>\n<tbody><tr><td colspan=\"1\" rowspan=\"1\">\n<p><span>다이어트 중 위장 기능 불균형에는 </span><span><b>세 가지 주요 요인</b></span><span>이 복합적으로 작용합니다.</span></p><p><span>첫째, </span><span><b>급격한 식단 변화</b></span><span>입니다. 위장은 평소와 다른 종류나 양의 음식에 적응할 시간이 필요합니다. 특히 </span><span><u>탄수화물 극단적 제한</u></span><span>이나 </span><span><u>단백질 위주 식단</u></span><span>은 위산 분비 및 소화 효소 균형을 깨뜨려 소화 과정을 늦추고, 결국 위장 기능 불균형을 초래합니다.</span></p><p><span>둘째, </span><span><b>특정 영양소의 과도한 제한</b></span><span>입니다. 지방 섭취를 지나치게 줄이면 </span><span><u>담즙 분비</u></span><span>가 어려워 지방 소화가 힘들고, 섬유질 부족은 장 운동 저하와 변비를 유발합니다. </span><span><u>위장 점막 건강에 필수적인 미량 영양소 부족</u></span><span> 또한 기능 저하를 가져옵니다. 이 경우, 아무리 적게 먹어도 속이 불편할 수밖에 없습니다.</span></p><p><span>셋째, </span><span><b>스트레스</b></span><span>입니다. 다이어트 압박감, 식단 관리 어려움, 체중 조바심 등은 </span><span><u>코르티솔 수치를 높여 자율신경계에 영향을 줍니다.</u></span><span> 스트레스는 위장 연동 운동을 방해하고, 위산 분비를 불규칙하게 하며, 장 내 미생물 환경까지 악화시켜 소화불량을 심화시킵니다. 이 세 요인이 </span><span><u>톱니바퀴처럼 맞물려 위장 기능을 혼란에 빠뜨리죠.</u></span><span> 위장이 마치 </span><span><u>폭풍우 속 작은 배처럼 위태로워지는 비유</u></span><span>를 떠올려 볼 수 있습니다.</span></p>\n</td></tr></tbody>\n</table>\n\n<p>이 복합적인 요인들은 마치 <u>숲속 물줄기가 막히거나 흙이 메마르는 것처럼</u>, 우리 몸의 <u>위장 생태계에 불균형</u>을 초래합니다. 다이어트가 단순히 칼로리 감소를 넘어, <strong>몸 전체의 섬세한 균형을 맞추는 과정</strong>임을 깨달아야 합니다. 내 몸의 소화 시스템은 예상보다 훨씬 민감하게 반응합니다.</p><h2 id=\"section-2\">내 몸의 위장을 이해하고 돌보는 법</h2><figure class=\"kg-card kg-image-card\"><img src=\"https://barun-static.s3.ap-northeast-2.amazonaws.com/blog/snowhitebambi/2025/11/5814d95e6ae7bbcb3dd6ea14c08055699d07216c1ef63a9cb676cfaf895c6b44.png\" class=\"kg-image\" alt=\"\" loading=\"lazy\" style=\"width: 100%; height: auto; border-radius: 12px; margin: 2rem 0;\"></figure><p>그렇다면 위장 장애를 개선하며 건강한 다이어트를 지속하는 방법은 무엇일까요? 제가 환자분들께 늘 강조하는 <strong>실천적인 조언</strong>을 드립니다.</p><p>우선, <strong>몸과 대화하십시오.</strong> 유행 식단을 좇기보다, 내 몸이 어떤 음식에 편안함을 느끼고 불편함을 느끼는지 세심히 관찰해야 합니다. 개인 체질 및 생활 패턴을 고려한 식단 조절이 중요합니다. <u>천천히 먹고 충분히 씹는 습관</u>은 소화의 첫 단추를 제대로 끼우는 것과 같습니다. 식사 중 과도한 물 섭취는 위산 희석을 유발하니, 식사 <strong>30분 전후</strong>로 마시는 것이 좋습니다. 소량씩 자주 식사하여 위장 부담을 줄이는 것도 현명한 방법입니다.</p>\n\n<table>\n<tbody><tr><td colspan=\"1\" rowspan=\"1\">\n<p><span><u>소화 효소</u></span><span>와 </span><span><u>프로바이오틱스</u></span><span>를 현명하게 활용하는 방법을 알아봅시다. 때로는 외부 도움도 좋습니다. </span><span><b>소화 효소</b></span><span>는 음식물 분해를 돕고 위장 부담을 줄여줍니다. 장 건강 핵심인 </span><span><b>프로바이오틱스</b></span><span>는 </span><span><u>장내 미생물 균형</u></span><span>을 개선해 소화불량 및 변비 개선에 도움을 줍니다. 하지만 무조건 섭취하기보다는 </span><span><b>전문가와 상담 후</b></span><span> 자신에게 맞는 제품을 선택하는 것이 중요합니다. 시중에는 다양한 종류의 소화 효소와 프로바이오틱스 제품이 있으니, 성분과 효과를 꼼꼼히 따져보세요.</span></p>\n</td></tr></tbody>\n</table>\n\n<p>마음을 돌보는 것도 소화 기능 개선에 필수적입니다. <strong>스트레스 관리를 위한 자신만의 방법</strong>을 찾으십시오. 가벼운 산책, 명상, 요가, 충분한 수면 등은 몸과 마음을 이완하고, <u>자율신경계 균형</u>을 회복하여 위장 기능을 안정시키는 데 큰 도움이 됩니다. 다이어트 압박감에서 벗어나, <u>잠시 숨을 고르는 시간</u>을 의도적으로 가지는 것이 중요합니다. 정신적 편안함은 위장에도 그대로 전달됩니다.</p>\n\n<table>\n<tbody><tr><td colspan=\"1\" rowspan=\"1\">\n<p><span><b>극단적인 식단 제한의 위험</b></span><span>과 다이어트 부작용을 기억해야 합니다. 급격한 칼로리 제한이나 특정 영양소의 전면 배제는 단기 체중 감량 효과는 있으나, 장기적으로 </span><span><u>심각한 영양 불균형</u></span><span>과 </span><span><u>위장 장애</u></span><span>를 초래할 수 있습니다. 탄수화물 완전 제한은 </span><span><u>장내 유익균 먹이가 되는 식이섬유 섭취</u></span><span>를 줄여 장 건강을 악화시키고, 에너지 부족으로 피로감을 유발합니다. 지나친 단백질 섭취는 </span><span><u>신장에 부담을 줄 수도 있습니다.</u></span><span> 이러한 극단적 시도는 </span><span><b>반드시 의료 전문가와 상의 후 진행</b></span><span>해야 합니다. 몸 신호를 무시한 다이어트는 결국 건강을 해칠 수 있음을 기억하십시오.</span></p>\n</td></tr></tbody>\n</table>\n\n<h2 id=\"section-3\">건강한 다이어트는 나를 존중하는 여정</h2><figure class=\"kg-card kg-image-card\"><img src=\"https://barun-static.s3.ap-northeast-2.amazonaws.com/blog/snowhitebambi/2025/11/7976e107362e8ab27439893a38477d2f06b0e99723ecf1a8a0800164ec723f08.png\" class=\"kg-image\" alt=\"\" loading=\"lazy\" style=\"width: 100%; height: auto; border-radius: 12px; margin: 2rem 0;\"></figure><p>결국, 다이어트는 단순히 살을 빼는 행위가 아닙니다. <strong>내 몸 신호를 존중하고, 귀 기울이며 균형을 찾아가는 과정</strong>이죠. 위장이 편안해야 몸과 마음이 건강하고, 비로소 건강한 체중 감량 목표에 지속적으로 도달할 수 있습니다. 진정한 건강은 <strong>몸과 마음의 조화로운 상태</strong>에서 시작됩니다.</p><p>저는 여러분이 체중계 숫자에 얽매이기보다, 내 몸이 보내는 작은 목소리에 귀 기울이며 <strong>자신을 더 깊이 이해하는 여정</strong>을 시작하시기를 진심으로 바랍니다. 다이어트 목적은 더 아름다워지는 것을 넘어, <strong>삶을 더욱 건강하고 행복하게 가꾸는 데</strong> 있으니까요. 이 여정에서 제가 작은 안내자가 될 수 있다면 더할 나위 없을 것 같습니다. 함께 건강한 길을 찾아 나아가기를 기대합니다.</p><figure class=\"kg-card kg-image-card\"></figure>"
      }
    ],
    "success": true,
    "meta": {
      "duration": 3
    }
  }
]
