[
  {
    "results": [
      {
        "id": 3305,
        "title": "소아 비염과 부비동염이 반복된다면 | 인천 비염 한의원",
        "content": "<p>소아 비염과 부비동염이 반복된다면 | 인천 비염 한의원</p><p>“원장님, 우리 아이는 왜 자꾸 코를 후비고, 밤새 코막힘 때문에 잠도 설치고, 아침엔 늘 콧물이에요? 병원 갈 때마다 비염이래요, 축농증이래요, 약도 먹고 스프레이도 뿌리는데 왜 계속 재발하는 걸까요?”</p><p>진료실에서 제가 가장 많이 듣는 질문 중 하나입니다. 자녀의 <strong>소아 비염</strong>과 <strong>소아 부비동염</strong>이 <strong>만성</strong>적으로 <strong>재발성 비염</strong>으로 이어질 때, 부모님들의 마음속에는 깊은 불안감과 함께 “도대체 우리 아이 코에 무슨 문제가 있는 걸까?” 하는 근본적인 의문이 자리 잡게 됩니다. 겉으로 드러나는 코막힘, 콧물, 재채기 같은 증상들은 쉽게 눈에 띄지만, 사실 이것들은 우리 몸 안에서 벌어지는 더 깊은 이야기의 한 단면에 불과합니다. 저는 오늘, 단순히 불편한 증상을 잠재우는 것을 넘어, <strong>코 건강의 숨겨진 퍼즐</strong>을 함께 맞춰보고자 합니다.</p><p><strong>코가 보내는 신호: 단순한 불편함을 넘어</strong></p><hr><figure class=\"kg-card kg-image-card\"><img src=\"https://barun-static.s3.ap-northeast-2.amazonaws.com/blog/snowhitebambi/2025/10/ef890bdbe0fb76ef018eb3ed49a7b9cb7560fd8655d1550aaf9f094e94eca65b.jpg\" class=\"kg-image\" alt=\"\" loading=\"lazy\" style=\"width: 100%; height: auto; border-radius: 12px; margin: 2rem 0;\"></figure><p>저는 아이들의 코 증상을 볼 때, 단순히 코라는 장기만을 보지 않습니다. 마치 <u>작은 나뭇가지의 흔들림을 보면서 나무 전체의 뿌리와 줄기를 상상하듯</u>, 코의 증상은 아이의 전반적인 신체 환경과 <strong>면역 시스템 균형</strong>을 반영하는 중요한 단서가 됩니다. 많은 부모님들이 <strong>어린이 코막힘</strong>이나 <strong>아이 축농증</strong>으로 인해 고통받는 아이를 보며 지푸라기라도 잡는 심정으로 다양한 치료법을 시도합니다. 하지만 약을 끊으면 다시 시작되는 증상에 좌절감을 느끼는 경우가 많지요. 왜 이런 일이 반복될까요?</p>\n\n<table>\n<tbody><tr><td colspan=\"1\" rowspan=\"1\">\n<p><span>제가 진료했던 7살 유나(가명) 이야기가 떠오릅니다. 유나는 3년 내내 겨울만 되면 코막힘과 누런 콧물로 고생했고, 심할 때는 밤마다 기침 때문에 잠을 설쳐 성장에도 영향을 받는 듯했습니다. 항상 피곤해 보였고, 식욕도 좋지 않았습니다. 어머니는 “병원에서 늘 ‘알레르기 비염’ 아니면 ‘축농증’이라고만 해요. 약 먹을 때만 잠시 괜찮고, 조금만 찬 바람 쐬거나 친구들이 감기 걸리면 바로 옮아 와요.”라며 답답함을 토로하셨습니다. 어머니는 유나의 코 문제를 그저 ‘코만의 문제’로 여기고 계셨지만, 제가 주목했던 것은 유나의 </span><span><b>전반적인 소화기 상태</b></span><span>와 </span><span><b>수면 패턴</b></span><span>, 그리고 </span><span><b>피부의 건조함</b></span><span>이었습니다. </span><span><b>코는 코만의 문제가 아님</b></span><span>이라는 중요한 단서들이었죠.</span></p>\n</td></tr></tbody>\n</table>\n\n<p>저는 유나의 사례에서 볼 수 있듯이, 코는 단순히 숨을 쉬는 통로를 넘어 우리 몸의 ‘면역의 첫 관문’이자 ‘외부 환경과 가장 먼저 만나는 최전선’입니다. 코가 외부 이물질을 걸러내는 ‘필터’ 기능을 하는 것은 물론, 폐로 들어가는 공기를 따뜻하고 습하게 만드는 중요한 역할을 하죠. 하지만 저는 코를 단순한 필터나 통로가 아닌, <u>온몸의 기운이 통하는 ‘생명의 통로’이자 아이의 내부 환경을 비추는 ‘작은 거울’</u>이라는 비유를 더 자주 사용합니다. 이 비유는 코 점막이 단순히 공기를 정화하는 기능을 넘어, 섬세한 혈액 순환, 복잡한 신경계, 그리고 전신 <strong>면역 시스템 균형</strong>과 얼마나 긴밀하게 연결되어 있는지를 강조합니다. 차가운 바람에 코 점막이 시큰거리거나, 건조한 공기에 목이 칼칼해지는 감각적인 불편함은 곧 우리 몸 내부의 변화를 알리는 첫 신호일 수 있습니다. 즉, 코의 염증 반응은 외부 자극에 대한 일차적인 방어 작용이기도 하지만, <strong>몸 내부 불균형의 신호</strong>일 수 있는 것입니다. 이 신호에 귀 기울이는 것이 우리 아이의 진짜 건강을 찾아가는 첫걸음입니다.</p><p><strong>뿌리를 찾아 떠나는 여정: 체질적 경향과 신체 환경</strong></p><hr><figure class=\"kg-card kg-image-card\"><img src=\"https://barun-static.s3.ap-northeast-2.amazonaws.com/blog/snowhitebambi/2025/10/f464510019a3f2fda77a848f1707ba54045b6619b72168416a71df965e15244f.jpg\" class=\"kg-image\" alt=\"\" loading=\"lazy\" style=\"width: 100%; height: auto; border-radius: 12px; margin: 2rem 0;\"></figure><p>그렇다면 우리 아이의 코가 계속 불편한 <strong>질환의 숨겨진 배경</strong>은 어디에 있을까요? 제가 임상에서 아이들을 만나며 얻은 <strong>통찰</strong>은, 소아 <strong>만성 비염</strong>이나 <strong>재발성 비염</strong>은 단순히 알레르기 유무나 세균 감염 여부만으로 설명하기 어렵다는 것입니다. 아이마다 다른 ‘<strong>체질적 경향</strong>’과 ‘<strong>신체 환경</strong>’이 중요한 역할을 합니다. 그렇다면 우리 아이는 어떤 <strong>체질적 경향</strong>을 가지고 있을까요? 어떤 아이는 선천적으로 폐와 기관지가 약한 경향을 보이기도 하고, 어떤 아이는 소화기가 약해 몸속에 ‘<u>습담(濕痰)</u>’이 쌓이면서 코 증상이 악화되기도 합니다. 여기서 <u>습담</u>이란, 우리 몸에서 제대로 배출되지 못하고 정체된 불필요한 수분과 노폐물을 일컫는 한의학적 개념입니다. 마치 <u>흐르지 않는 고인 물이 썩기 시작하는 것처럼</u>, 체내에 <u>습담</u>이 쌓이면 점막의 염증 반응을 더욱 쉽게 유발하고 콧물, 가래 등의 분비물 문제를 심화시킬 수 있습니다.</p><p>한방에서는 이런 아이들의 <strong>체질적 경향</strong>을 파악하고, 개개인의 <strong>신체 환경</strong>을 최적화하는 데 집중합니다. 예를 들어, 『<u>동의보감</u>』에서는 코막힘을 ‘<u>비색(鼻塞)</u>’이라 하여 단순히 코에 국한된 증상이 아닌, 폐, 비위, 신장 등 <u>오장육부</u>의 기능 이상과 관련 지어 설명합니다. 이는 오늘날 우리가 장 건강과 면역력의 상관관계를 이해하는 방식과 놀랍도록 닮아 있습니다. 장 내 미생물 균형이 깨지면 전신 면역 기능에 영향을 미치듯, 고전 의학 역시 몸 전체의 균형이 무너질 때 코와 같은 특정 부위에 증상이 나타난다고 보았던 것이죠. 저는 이런 고전의 지혜와 현대적 관점을 융합하여 <strong>아이의 몸 상태를 해석</strong>합니다.</p><p><strong>지속 가능한 회복을 위한 동반자적 접근</strong></p><hr><p>아이의 코 건강을 위한 <strong>소아 비염 치료</strong>와 <strong>소아 부비동염 관리</strong>는 <u>단거리 경주가 아니라 장거리 마라톤과 같습니다</u>. 단순히 그때그때 증상만 억제하는 것은 미봉책에 불과합니다. 중요한 것은 <strong>몸 스스로 회복하는 힘</strong>을 길러주는 것입니다.</p><p>이를 위해 저는 부모님들께 몇 가지 질문을 드리고 싶습니다. “우리 아이는 잠을 잘 자고 있나요? 식사는 규칙적이고 균형 있게 하고 있나요? 변은 잘 보고 있나요? 혹시 몸이 차거나, 반대로 열이 너무 많다고 느껴지지는 않나요?” 이러한 일상적인 질문 속에 아이의 <strong>신체 환경</strong>과 <strong>체질적 경향</strong>에 대한 중요한 단서가 숨어 있습니다.</p><p><strong>소아 비염 치료</strong>와 <strong>소아 부비동염 관리</strong>의 핵심은 다음 세 가지입니다.</p><p>1. 아이의 몸 전체를 이해하기: 코 증상은 전신 컨디션의 반영입니다. 소화기, 수면, 피부, 정서 상태 등 아이의 모든 면을 살펴야 합니다.</p><p>2. 면역 시스템의 균형 회복: 면역력을 단순히 ‘강화’하는 것이 아니라, 외부 자극에 적절히 반응하고 과도하게 반응하지 않도록 ‘균형’을 잡는 것이 중요합니다. 이 균형은 한약 치료와 생활 습관 개선을 통해 점진적으로 이룰 수 있습니다.</p><p>3. 지속 가능한 관리 습관: 매일의 작은 습관들이 모여 아이의 몸을 긍정적인 방향으로 변화시킵니다. 단순히 증상을 억제하는 것을 넘어, 아이가 스스로 면역력을 키우고 건강한 리듬을 찾도록 돕는 것이죠. 충분한 수분 섭취는 점막을 촉촉하게 유지하고 노폐물 배출을 돕습니다. 실내의 적절한 온도(<strong>22~24도</strong>) 및 습도(<strong>50~60%</strong>) 유지는 코 점막을 보호하며, 균형 잡힌 식단과 규칙적인 운동은 전신 순환과 면역 기능 활성화에 필수적입니다. 잠들기 전 따뜻한 물 한 잔이나 가벼운 스트레칭 같은 작은 습관들이 모여 아이의 코 건강을 위한 튼튼한 기반을 만들어 줄 것입니다.</p><p>솔직히 말씀드리면, 우리 아이의 <strong>만성 비염</strong>이나 <strong>아이 축농증</strong>이 하루아침에 완전히 사라질 것이라고 말씀드리지는 않습니다. 한약 치료와 생활 습관 개선은 점진적인 과정이며, 때로는 예상치 못한 작은 기복을 겪을 수도 있습니다. 하지만 제가 확신하는 것은, 부모님께서 아이의 증상을 단순한 ‘질병’이 아니라 ‘<strong>몸의 대화</strong>’로 이해하고, 아이의 회복 여정에 능동적으로 동참할 때, <strong>가장 강력한 회복의 힘</strong>이 발휘된다는 사실입니다. 아이의 건강한 성장을 위해, 저는 언제나 여러분의 곁에서 따뜻한 안내자이자 동반자가 될 것입니다. 아이의 작은 코가 건강한 숨결로 가득 차, 활기찬 내일을 만들어갈 수 있도록 함께 노력해 나갑시다.</p><figure class=\"kg-card kg-image-card\"></figure>"
      }
    ],
    "success": true,
    "meta": {
      "duration": 3
    }
  }
]
